date,72054200166,72064800230,72253912979,72254013904,72254413958,72254753942
2021-01-01 00:00:00+00:00,,,,4.4,,
2021-01-01 01:00:00+00:00,1.5,4.0,4.4,5.0,3.9,2.8
2021-01-01 02:00:00+00:00,,4.0,3.3,4.4,3.9,2.2
2021-01-01 03:00:00+00:00,0.8,3.0,3.9,3.9,3.3,2.2
2021-01-01 04:00:00+00:00,1.0,3.0,3.3,3.9,3.3,2.2
2021-01-01 05:00:00+00:00,0.9,3.0,2.8,3.9,2.8,2.2
2021-01-01 06:00:00+00:00,0.7,3.0,2.8,2.8,2.8,2.2
2021-01-01 07:00:00+00:00,0.6,3.0,2.2,3.3,2.8,2.2
2021-01-01 08:00:00+00:00,0.6,3.0,2.8,3.3,2.8,2.2
2021-01-01 09:00:00+00:00,0.9,3.0,2.8,3.3,2.8,2.2
2021-01-01 10:00:00+00:00,1.1,3.0,2.2,3.3,2.8,2.2
2021-01-01 11:00:00+00:00,1.0,3.0,1.7,2.8,3.3,2.2
2021-01-01 12:00:00+00:00,1.0,3.0,1.1,3.3,3.3,3.3
2021-01-01 13:00:00+00:00,1.4,3.0,0.6,1.1,3.3,3.3
2021-01-01 14:00:00+00:00,1.6,4.0,1.1,2.8,4.4,3.3
2021-01-01 15:00:00+00:00,3.0,5.0,5.0,6.1,5.6,3.9
2021-01-01 16:00:00+00:00,5.0,6.0,7.8,7.2,6.1,5.0
2021-01-01 17:00:00+00:00,6.5,7.0,9.4,8.3,7.8,5.0
2021-01-01 18:00:00+00:00,7.8,8.0,10.6,8.3,8.3,6.7
2021-01-01 19:00:00+00:00,9.7,9.0,11.7,10.6,9.4,7.8
2021-01-01 20:00:00+00:00,9.3,10.0,12.2,11.1,11.7,7.8
2021-01-01 21:00:00+00:00,9.6,10.0,13.3,11.7,11.7,7.8
2021-01-01 22:00:00+00:00,10.5,9.0,12.8,11.1,11.1,9.4
2021-01-01 23:00:00+00:00,10.0,9.0,11.1,11.1,10.6,8.9
2021-01-02 00:00:00+00:00,6.3,8.0,8.3,9.4,9.4,6.1
2021-01-02 01:00:00+00:00,4.5,6.0,6.1,4.4,7.8,5.0
2021-01-02 02:00:00+00:00,2.5,5.0,5.6,3.3,6.7,2.8
2021-01-02 03:00:00+00:00,1.6,3.0,3.9,3.3,6.1,0.6
2021-01-02 04:00:00+00:00,2.0,3.0,2.8,1.7,5.6,3.9
2021-01-02 05:00:00+00:00,1.9,3.0,2.2,2.2,4.4,3.3
2021-01-02 06:00:00+00:00,2.1,4.0,2.8,3.9,3.9,2.8
2021-01-02 07:00:00+00:00,2.1,4.0,3.3,6.1,5.0,2.2
2021-01-02 08:00:00+00:00,2.0,4.0,3.9,5.6,4.4,2.8
2021-01-02 09:00:00+00:00,2.1,3.0,3.3,5.6,3.9,2.2
2021-01-02 10:00:00+00:00,2.3,3.0,3.3,5.6,4.4,2.2
2021-01-02 11:00:00+00:00,1.9,3.0,3.3,5.0,4.4,1.7
2021-01-02 12:00:00+00:00,0.5,2.0,2.8,3.3,3.3,-0.6
2021-01-02 13:00:00+00:00,0.6,2.0,1.7,0.6,2.8,-0.6
2021-01-02 14:00:00+00:00,0.6,2.0,1.7,1.1,2.8,0.0
2021-01-02 15:00:00+00:00,3.7,5.0,4.4,6.1,5.0,4.4
2021-01-02 16:00:00+00:00,6.1,8.0,7.8,8.9,7.8,7.2
2021-01-02 17:00:00+00:00,8.5,10.0,11.1,11.1,10.6,9.4
2021-01-02 18:00:00+00:00,11.1,12.0,13.9,13.3,13.3,11.7
2021-01-02 19:00:00+00:00,13.3,14.0,16.1,15.6,14.4,13.9
2021-01-02 20:00:00+00:00,15.7,14.0,16.7,16.7,15.6,15.6
2021-01-02 21:00:00+00:00,16.2,15.0,17.2,17.8,16.7,15.6
2021-01-02 22:00:00+00:00,16.3,15.0,17.2,17.8,17.2,16.1
2021-01-02 23:00:00+00:00,15.7,15.0,16.1,17.8,16.7,15.6
2021-01-03 00:00:00+00:00,10.0,14.0,12.8,13.3,13.3,10.6
2021-01-03 01:00:00+00:00,7.8,12.0,9.4,8.9,11.1,7.2
2021-01-03 02:00:00+00:00,8.1,9.0,6.7,8.3,8.3,3.3
2021-01-03 03:00:00+00:00,7.2,8.0,6.7,3.9,8.9,8.9
2021-01-03 04:00:00+00:00,8.0,7.0,6.7,2.2,7.8,5.6
2021-01-03 05:00:00+00:00,7.6,6.0,5.0,4.4,7.2,4.4
2021-01-03 06:00:00+00:00,6.5,5.0,5.0,6.7,6.7,3.3
2021-01-03 07:00:00+00:00,5.7,4.0,4.4,2.2,5.0,2.2
2021-01-03 08:00:00+00:00,5.0,5.0,0.6,3.3,3.9,1.7
2021-01-03 09:00:00+00:00,4.6,3.0,0.0,1.1,3.3,0.6
2021-01-03 10:00:00+00:00,5.6,3.0,-0.6,0.6,3.3,0.0
2021-01-03 11:00:00+00:00,6.3,3.0,-0.6,3.3,3.3,2.2
2021-01-03 12:00:00+00:00,5.8,2.0,-0.6,4.4,4.4,3.9
2021-01-03 13:00:00+00:00,4.6,2.0,-1.1,5.0,5.6,6.7
2021-01-03 14:00:00+00:00,5.0,2.0,1.1,5.0,5.6,5.6
2021-01-03 15:00:00+00:00,8.0,7.0,5.0,8.9,8.3,8.3
2021-01-03 16:00:00+00:00,10.7,12.0,11.1,13.3,13.3,12.8
2021-01-03 17:00:00+00:00,14.9,15.0,14.4,15.0,16.1,15.0
2021-01-03 18:00:00+00:00,17.2,17.0,16.7,18.3,18.3,17.2
2021-01-03 19:00:00+00:00,18.9,19.0,17.8,19.4,20.6,18.9
2021-01-03 20:00:00+00:00,20.7,19.0,18.9,20.0,21.7,20.6
2021-01-03 21:00:00+00:00,21.1,19.0,20.0,20.6,21.7,20.6
2021-01-03 22:00:00+00:00,20.7,19.0,20.0,20.6,21.7,21.1
2021-01-03 23:00:00+00:00,20.0,18.0,18.9,19.4,20.0,20.0
2021-01-04 00:00:00+00:00,16.6,17.0,16.1,16.7,16.7,17.2
2021-01-04 01:00:00+00:00,15.4,14.0,13.3,12.8,15.6,14.4
2021-01-04 02:00:00+00:00,13.8,13.0,12.2,12.2,13.9,12.8
2021-01-04 03:00:00+00:00,13.0,11.0,11.1,11.7,12.2,12.2
2021-01-04 04:00:00+00:00,11.6,11.0,7.2,9.4,11.7,9.4
2021-01-04 05:00:00+00:00,10.6,10.0,8.3,10.0,11.1,8.3
2021-01-04 06:00:00+00:00,10.2,9.0,8.3,10.6,10.6,7.2
2021-01-04 07:00:00+00:00,8.2,9.0,6.7,9.4,10.0,6.7
2021-01-04 08:00:00+00:00,9.5,8.0,3.9,6.1,9.4,6.1
2021-01-04 09:00:00+00:00,8.8,7.0,4.4,4.4,7.8,3.9
2021-01-04 10:00:00+00:00,8.6,7.0,2.8,1.7,6.7,3.3
2021-01-04 11:00:00+00:00,8.5,5.0,2.8,1.7,6.7,2.2
2021-01-04 12:00:00+00:00,7.7,5.0,1.7,5.6,5.6,2.8
2021-01-04 13:00:00+00:00,9.0,,2.2,1.7,6.7,1.1
2021-01-04 14:00:00+00:00,8.3,5.0,1.7,2.8,5.0,2.8
2021-01-04 15:00:00+00:00,9.6,8.0,6.1,8.9,8.3,7.8
2021-01-04 16:00:00+00:00,10.8,12.0,11.1,13.9,12.8,13.9
2021-01-04 17:00:00+00:00,15.1,17.0,18.3,20.0,17.2,18.3
2021-01-04 18:00:00+00:00,19.2,19.0,21.7,21.7,21.7,21.1
2021-01-04 19:00:00+00:00,21.9,22.0,23.3,23.9,23.3,21.7
2021-01-04 20:00:00+00:00,24.1,23.0,23.9,25.0,25.0,22.8
2021-01-04 21:00:00+00:00,24.3,23.0,23.9,25.0,25.0,22.8
2021-01-04 22:00:00+00:00,23.3,23.0,24.4,25.0,25.0,21.7
2021-01-04 23:00:00+00:00,21.8,20.0,22.8,23.3,22.2,20.0
2021-01-05 00:00:00+00:00,15.8,17.0,17.2,15.6,19.4,16.7
2021-01-05 01:00:00+00:00,13.6,14.0,16.1,13.3,17.8,13.9
2021-01-05 02:00:00+00:00,12.9,13.0,14.4,11.1,16.1,11.7
2021-01-05 03:00:00+00:00,11.8,12.0,12.8,11.7,15.0,10.6
2021-01-05 04:00:00+00:00,11.3,12.0,10.6,8.3,14.4,10.6
2021-01-05 05:00:00+00:00,10.7,12.0,10.0,8.3,13.3,9.4
2021-01-05 06:00:00+00:00,10.0,11.0,8.3,12.2,12.2,8.9
2021-01-05 07:00:00+00:00,9.7,10.0,10.0,11.1,11.1,8.3
2021-01-05 08:00:00+00:00,9.5,9.0,8.3,8.3,11.7,5.6
2021-01-05 09:00:00+00:00,9.0,9.0,7.8,8.9,9.4,4.4
2021-01-05 10:00:00+00:00,8.7,8.0,7.8,8.9,9.4,5.6
2021-01-05 11:00:00+00:00,8.6,8.0,8.3,8.3,8.3,3.3
2021-01-05 12:00:00+00:00,8.0,8.0,8.3,8.9,8.9,3.9
2021-01-05 13:00:00+00:00,7.5,7.0,7.8,6.7,7.2,3.3
2021-01-05 14:00:00+00:00,7.4,8.0,7.8,10.6,6.7,6.1
2021-01-05 15:00:00+00:00,10.3,10.0,11.7,13.3,12.2,9.4
2021-01-05 16:00:00+00:00,13.6,13.0,13.9,14.4,14.4,12.8
2021-01-05 17:00:00+00:00,16.8,15.0,16.7,16.1,16.7,15.0
2021-01-05 18:00:00+00:00,19.2,19.0,18.9,18.9,18.9,16.7
2021-01-05 19:00:00+00:00,21.0,20.0,17.2,21.1,20.0,18.3
2021-01-05 20:00:00+00:00,20.3,22.0,17.8,21.7,21.7,20.0
2021-01-05 21:00:00+00:00,22.2,22.0,18.9,21.1,22.2,21.1
2021-01-05 22:00:00+00:00,20.4,21.0,19.4,20.6,20.6,20.6
2021-01-05 23:00:00+00:00,17.9,19.0,18.3,20.0,19.4,20.6
2021-01-06 00:00:00+00:00,16.4,18.0,17.8,18.9,18.9,17.8
2021-01-06 01:00:00+00:00,15.2,17.0,17.8,17.2,18.3,17.8
2021-01-06 02:00:00+00:00,15.1,17.0,17.2,17.8,17.8,16.7
2021-01-06 03:00:00+00:00,15.6,17.0,16.7,17.8,17.2,16.1
2021-01-06 04:00:00+00:00,15.6,17.0,16.7,17.8,17.2,16.7
2021-01-06 05:00:00+00:00,15.2,17.0,16.7,17.2,17.2,16.7
2021-01-06 06:00:00+00:00,15.1,16.0,16.7,17.2,17.2,16.1
2021-01-06 07:00:00+00:00,15.0,16.0,16.1,16.7,16.7,16.1
2021-01-06 08:00:00+00:00,14.8,15.0,16.1,16.7,16.7,15.6
2021-01-06 09:00:00+00:00,14.6,15.0,16.1,16.7,16.7,15.6
2021-01-06 10:00:00+00:00,14.8,15.0,15.6,16.7,16.1,15.0
2021-01-06 11:00:00+00:00,14.8,15.0,15.6,16.7,16.1,15.0
2021-01-06 12:00:00+00:00,15.0,15.0,16.1,16.7,16.7,15.0
2021-01-06 13:00:00+00:00,15.0,15.0,16.1,17.2,16.7,15.6
2021-01-06 14:00:00+00:00,15.2,15.0,16.7,17.2,17.2,15.6
2021-01-06 15:00:00+00:00,15.8,17.0,17.2,17.8,17.2,15.6
2021-01-06 16:00:00+00:00,16.6,17.0,17.8,18.3,17.8,16.7
2021-01-06 17:00:00+00:00,17.3,18.0,18.3,19.4,18.3,17.8
2021-01-06 18:00:00+00:00,13.9,19.0,18.3,19.4,20.6,14.4
2021-01-06 19:00:00+00:00,14.0,15.0,20.0,18.9,15.0,15.0
2021-01-06 20:00:00+00:00,17.2,17.0,15.6,16.7,18.3,17.2
2021-01-06 21:00:00+00:00,17.2,18.0,20.0,19.4,18.9,17.2
2021-01-06 22:00:00+00:00,17.0,17.0,18.3,18.3,17.8,16.7
2021-01-06 23:00:00+00:00,15.6,17.0,17.2,17.8,17.2,15.6
2021-01-07 00:00:00+00:00,13.1,,14.4,16.1,16.1,13.9
2021-01-07 01:00:00+00:00,12.0,14.0,13.3,15.6,14.4,12.8
2021-01-07 02:00:00+00:00,11.2,,12.8,13.9,13.3,11.7
2021-01-07 03:00:00+00:00,10.5,12.0,11.7,13.3,13.3,10.6
2021-01-07 04:00:00+00:00,9.7,12.0,10.0,13.3,12.2,11.1
2021-01-07 05:00:00+00:00,8.5,12.0,8.3,11.7,10.6,10.0
2021-01-07 06:00:00+00:00,8.0,10.0,8.9,10.0,10.0,7.2
2021-01-07 07:00:00+00:00,7.5,9.0,7.8,10.6,9.4,8.9
2021-01-07 08:00:00+00:00,7.0,9.0,6.7,10.0,8.9,7.2
2021-01-07 09:00:00+00:00,5.8,9.0,6.7,10.0,8.3,7.8
2021-01-07 10:00:00+00:00,5.2,9.0,5.6,9.4,7.8,7.2
2021-01-07 11:00:00+00:00,5.1,8.0,6.7,9.4,7.2,7.2
2021-01-07 12:00:00+00:00,5.1,8.0,6.1,7.2,7.2,6.7
2021-01-07 13:00:00+00:00,5.5,7.0,6.7,7.2,6.7,5.6
2021-01-07 14:00:00+00:00,4.6,7.0,6.7,7.8,7.2,5.6
2021-01-07 15:00:00+00:00,7.0,8.0,8.9,9.4,8.9,6.7
2021-01-07 16:00:00+00:00,8.8,9.0,10.6,10.6,10.6,8.9
2021-01-07 17:00:00+00:00,10.9,11.0,12.2,12.2,12.2,10.6
2021-01-07 18:00:00+00:00,12.6,12.0,13.9,13.3,13.3,12.2
2021-01-07 19:00:00+00:00,13.8,14.0,15.6,15.6,14.4,13.3
2021-01-07 20:00:00+00:00,15.0,14.0,16.1,16.7,16.1,14.4
2021-01-07 21:00:00+00:00,15.6,15.0,16.7,17.2,16.7,15.0
2021-01-07 22:00:00+00:00,15.6,15.0,16.1,17.2,16.7,15.0
2021-01-07 23:00:00+00:00,14.3,14.0,15.6,16.7,15.6,14.4
2021-01-08 00:00:00+00:00,10.1,12.0,11.7,13.9,13.9,11.1
2021-01-08 01:00:00+00:00,8.0,10.0,10.6,7.2,12.2,9.4
2021-01-08 02:00:00+00:00,7.7,9.0,6.7,4.4,11.7,7.8
2021-01-08 03:00:00+00:00,7.7,7.0,6.1,3.9,10.6,7.2
2021-01-08 04:00:00+00:00,6.2,5.0,5.6,7.8,8.9,5.6
2021-01-08 05:00:00+00:00,4.6,5.0,6.1,6.7,7.8,5.6
2021-01-08 06:00:00+00:00,2.9,4.0,4.4,6.1,6.1,3.9
2021-01-08 07:00:00+00:00,1.8,4.0,2.8,1.7,5.6,2.8
2021-01-08 08:00:00+00:00,2.2,4.0,2.2,2.2,5.0,2.8
2021-01-08 09:00:00+00:00,2.2,4.0,2.2,2.2,4.4,2.8
2021-01-08 10:00:00+00:00,2.1,3.0,2.8,3.9,4.4,2.2
2021-01-08 11:00:00+00:00,2.1,4.0,1.1,5.0,4.4,1.7
2021-01-08 12:00:00+00:00,1.7,4.0,1.1,4.4,4.4,1.1
2021-01-08 13:00:00+00:00,1.5,2.0,0.0,3.9,3.3,1.1
2021-01-08 14:00:00+00:00,1.3,4.0,0.6,5.6,3.9,1.7
2021-01-08 15:00:00+00:00,4.0,5.0,4.4,6.7,6.1,3.9
2021-01-08 16:00:00+00:00,6.6,7.0,7.8,8.3,7.8,5.6
2021-01-08 17:00:00+00:00,6.5,7.0,9.4,8.9,9.4,6.7
2021-01-08 18:00:00+00:00,8.7,8.0,10.6,8.9,8.9,7.2
2021-01-08 19:00:00+00:00,9.7,8.0,11.1,10.0,10.0,8.3
2021-01-08 20:00:00+00:00,11.0,9.0,12.2,11.1,10.6,8.3
2021-01-08 21:00:00+00:00,11.8,9.0,11.7,11.1,11.7,9.4
2021-01-08 22:00:00+00:00,11.2,9.0,11.1,11.1,11.7,10.0
2021-01-08 23:00:00+00:00,9.7,9.0,10.0,10.0,10.6,9.4
2021-01-09 00:00:00+00:00,6.0,7.0,7.8,8.9,8.9,7.2
2021-01-09 01:00:00+00:00,4.2,5.0,5.0,6.7,7.8,4.4
2021-01-09 02:00:00+00:00,3.2,4.0,3.9,5.6,6.7,2.8
2021-01-09 03:00:00+00:00,2.1,4.0,3.3,1.1,5.6,1.7
2021-01-09 04:00:00+00:00,2.1,4.0,2.8,1.1,5.6,2.8
2021-01-09 05:00:00+00:00,2.0,3.0,2.2,1.7,2.8,1.7
2021-01-09 06:00:00+00:00,2.0,3.0,1.1,3.9,3.9,0.6
2021-01-09 07:00:00+00:00,2.0,2.0,0.0,-0.6,2.2,2.2
2021-01-09 08:00:00+00:00,1.8,3.0,0.0,-0.6,2.2,1.7
2021-01-09 09:00:00+00:00,1.2,1.0,-0.6,-1.1,2.2,0.6
2021-01-09 10:00:00+00:00,0.7,1.0,-0.6,-1.7,1.1,-1.7
2021-01-09 11:00:00+00:00,0.1,0.0,-1.1,-1.1,1.7,-1.1
2021-01-09 12:00:00+00:00,-0.1,0.0,-0.6,0.6,0.6,-1.7
2021-01-09 13:00:00+00:00,-0.6,0.0,-1.7,-2.2,0.6,-1.7
2021-01-09 14:00:00+00:00,-0.7,0.0,-1.1,-2.8,1.7,-1.1
2021-01-09 15:00:00+00:00,2.0,3.0,4.4,3.9,3.9,2.8
2021-01-09 16:00:00+00:00,5.1,4.0,5.6,5.0,6.7,4.4
2021-01-09 17:00:00+00:00,8.1,7.0,7.8,7.2,7.8,7.2
2021-01-09 18:00:00+00:00,9.4,8.0,9.4,10.0,10.0,8.9
2021-01-09 19:00:00+00:00,11.4,9.0,10.6,10.6,10.0,8.9
2021-01-09 20:00:00+00:00,12.4,10.0,11.1,11.7,11.7,10.0
2021-01-09 21:00:00+00:00,12.2,10.0,12.2,12.2,11.7,10.0
2021-01-09 22:00:00+00:00,9.5,10.0,11.7,12.2,11.7,10.0
2021-01-09 23:00:00+00:00,8.5,10.0,11.1,11.7,10.6,8.9
2021-01-10 00:00:00+00:00,7.6,9.0,10.0,10.0,10.0,8.3
2021-01-10 01:00:00+00:00,7.0,8.0,10.0,10.0,9.4,7.8
2021-01-10 02:00:00+00:00,6.6,8.0,9.4,10.0,9.4,7.8
2021-01-10 03:00:00+00:00,6.3,8.0,9.4,9.4,8.9,7.2
2021-01-10 04:00:00+00:00,6.0,8.0,8.9,8.9,8.9,6.7
2021-01-10 05:00:00+00:00,4.6,6.0,8.3,7.8,7.2,6.1
2021-01-10 06:00:00+00:00,4.4,6.0,7.8,7.2,7.2,6.1
2021-01-10 07:00:00+00:00,4.5,6.0,7.8,7.8,7.2,5.6
2021-01-10 08:00:00+00:00,4.6,6.0,6.7,7.2,7.2,4.4
2021-01-10 09:00:00+00:00,4.1,5.0,6.1,6.7,6.7,4.4
2021-01-10 10:00:00+00:00,3.5,5.0,5.6,6.1,5.6,4.4
2021-01-10 11:00:00+00:00,3.3,5.0,5.6,6.1,5.6,4.4
2021-01-10 12:00:00+00:00,3.2,5.0,5.0,5.6,5.6,3.9
2021-01-10 13:00:00+00:00,1.8,4.0,4.4,5.6,5.0,3.3
2021-01-10 14:00:00+00:00,1.7,4.0,4.4,5.0,4.4,2.2
2021-01-10 15:00:00+00:00,1.0,3.0,3.9,3.9,3.3,1.1
2021-01-10 16:00:00+00:00,0.3,0.0,3.3,3.9,1.1,0.6
2021-01-10 17:00:00+00:00,0.2,0.0,2.2,1.7,,0.6
2021-01-10 18:00:00+00:00,0.1,0.0,1.1,1.7,1.7,0.6
2021-01-10 19:00:00+00:00,0.1,0.0,0.6,1.1,1.1,
2021-01-10 20:00:00+00:00,0.2,0.0,0.6,1.1,1.1,1.0
2021-01-10 21:00:00+00:00,0.3,0.0,0.6,1.1,1.1,1.0
2021-01-10 22:00:00+00:00,0.5,0.0,1.1,1.1,,1.0
2021-01-10 23:00:00+00:00,0.3,1.0,1.7,1.7,1.7,0.6
2021-01-11 00:00:00+00:00,0.2,1.0,1.7,1.7,1.7,0.6
2021-01-11 01:00:00+00:00,0.2,1.0,1.7,2.2,1.7,1.1
2021-01-11 02:00:00+00:00,0.1,1.0,1.7,2.2,2.2,1.1
2021-01-11 03:00:00+00:00,0.1,1.0,1.7,2.2,2.2,1.1
2021-01-11 04:00:00+00:00,0.1,2.0,1.7,2.2,2.2,1.1
2021-01-11 05:00:00+00:00,0.1,2.0,1.7,2.8,2.2,1.1
2021-01-11 06:00:00+00:00,0.1,2.0,1.7,2.2,2.2,1.1
2021-01-11 07:00:00+00:00,0.1,1.0,2.2,2.2,2.2,0.6
2021-01-11 08:00:00+00:00,0.0,2.0,1.7,2.8,2.2,1.1
2021-01-11 09:00:00+00:00,0.0,1.0,1.7,2.8,1.7,0.6
2021-01-11 10:00:00+00:00,0.0,1.0,0.0,2.2,1.7,0.0
2021-01-11 11:00:00+00:00,0.1,0.0,0.6,1.7,1.7,-0.6
2021-01-11 12:00:00+00:00,0.2,1.0,0.6,1.7,1.7,0.6
2021-01-11 13:00:00+00:00,-0.7,0.0,-0.6,2.2,1.7,0.0
2021-01-11 14:00:00+00:00,0.1,0.0,0.6,2.2,1.7,0.0
2021-01-11 15:00:00+00:00,0.6,2.0,3.9,3.9,3.3,2.2
2021-01-11 16:00:00+00:00,2.5,3.0,5.6,5.0,3.9,3.9
2021-01-11 17:00:00+00:00,4.8,4.0,5.0,6.1,5.0,3.9
2021-01-11 18:00:00+00:00,6.0,5.0,6.1,6.7,6.7,4.4
2021-01-11 19:00:00+00:00,,6.0,7.2,7.2,7.2,5.6
2021-01-11 20:00:00+00:00,7.7,7.0,7.8,8.3,8.3,7.2
2021-01-11 21:00:00+00:00,7.1,7.0,8.3,8.9,8.9,7.8
2021-01-11 22:00:00+00:00,7.1,8.0,8.9,9.4,8.9,7.2
2021-01-11 23:00:00+00:00,6.0,7.0,7.8,8.9,8.9,8.3
2021-01-12 00:00:00+00:00,3.5,4.0,5.6,7.2,7.2,5.0
2021-01-12 01:00:00+00:00,2.1,3.0,5.0,5.0,6.1,3.3
2021-01-12 02:00:00+00:00,1.5,3.0,2.8,2.8,3.3,2.8
2021-01-12 03:00:00+00:00,0.8,3.0,1.7,0.0,2.8,1.1
2021-01-12 04:00:00+00:00,0.1,2.0,1.7,0.0,2.2,0.6
2021-01-12 05:00:00+00:00,0.0,0.0,-1.1,-1.7,1.7,0.0
2021-01-12 06:00:00+00:00,-0.6,1.0,-1.1,0.6,0.6,-1.1
2021-01-12 07:00:00+00:00,-0.6,0.0,-1.7,-2.2,0.0,-1.7
2021-01-12 08:00:00+00:00,-0.5,0.0,-2.2,-2.2,0.0,-2.8
2021-01-12 09:00:00+00:00,-0.3,0.0,-2.8,-1.1,0.6,-2.2
2021-01-12 10:00:00+00:00,0.0,0.0,-2.8,-2.8,0.0,-3.3
2021-01-12 11:00:00+00:00,0.0,0.0,-2.8,-3.3,-0.6,-3.9
2021-01-12 12:00:00+00:00,-2.0,-2.0,-3.9,0.0,0.0,-3.9
2021-01-12 13:00:00+00:00,-1.1,-2.0,-2.8,-3.3,0.0,-3.3
2021-01-12 14:00:00+00:00,-0.2,-1.0,-2.2,-3.3,0.6,-1.7
2021-01-12 15:00:00+00:00,2.2,0.0,1.7,1.1,1.1,2.8
2021-01-12 16:00:00+00:00,3.6,5.0,4.4,5.6,2.8,5.0
2021-01-12 17:00:00+00:00,5.1,7.0,6.1,8.9,6.7,7.2
2021-01-12 18:00:00+00:00,8.0,8.0,6.7,9.4,9.4,8.9
2021-01-12 19:00:00+00:00,9.7,8.0,7.8,8.3,9.4,10.0
2021-01-12 20:00:00+00:00,10.7,9.0,8.3,10.0,10.0,10.6
2021-01-12 21:00:00+00:00,11.2,9.0,10.6,10.0,10.6,10.6
2021-01-12 22:00:00+00:00,9.7,9.0,8.3,10.0,10.0,10.0
2021-01-12 23:00:00+00:00,9.5,8.0,7.8,8.3,9.4,9.4
2021-01-13 00:00:00+00:00,7.0,7.0,7.2,8.3,8.3,8.9
2021-01-13 01:00:00+00:00,4.8,6.0,5.6,5.6,6.7,7.8
2021-01-13 02:00:00+00:00,2.6,5.0,3.9,3.9,5.6,6.1
2021-01-13 03:00:00+00:00,3.0,4.0,2.8,3.3,4.4,4.4
2021-01-13 04:00:00+00:00,2.8,3.0,2.2,1.7,3.3,3.3
2021-01-13 05:00:00+00:00,3.1,2.0,1.7,2.2,3.3,2.8
2021-01-13 06:00:00+00:00,2.5,2.0,1.1,2.8,2.8,2.8
2021-01-13 07:00:00+00:00,2.3,2.0,-0.6,1.7,2.2,1.7
2021-01-13 08:00:00+00:00,1.8,0.0,-0.6,0.0,1.1,0.6
2021-01-13 09:00:00+00:00,1.5,0.0,-1.1,-1.1,2.8,0.0
2021-01-13 10:00:00+00:00,0.7,0.0,-1.7,1.1,1.1,-0.6
2021-01-13 11:00:00+00:00,0.2,0.0,-1.1,-1.7,2.2,-1.7
2021-01-13 12:00:00+00:00,0.5,0.0,-2.2,2.2,2.2,-2.2
2021-01-13 13:00:00+00:00,0.2,0.0,-2.2,-1.1,0.6,-2.8
2021-01-13 14:00:00+00:00,0.5,-1.0,0.0,-1.7,0.6,-2.2
2021-01-13 15:00:00+00:00,3.5,2.0,2.8,4.4,3.3,3.9
2021-01-13 16:00:00+00:00,5.6,7.0,6.7,7.2,6.7,7.8
2021-01-13 17:00:00+00:00,8.7,10.0,11.1,10.6,10.0,11.1
2021-01-13 18:00:00+00:00,11.5,12.0,13.3,12.8,12.8,13.3
2021-01-13 19:00:00+00:00,15.0,14.0,15.0,16.1,16.7,15.6
2021-01-13 20:00:00+00:00,17.4,16.0,16.7,17.8,18.3,16.7
2021-01-13 21:00:00+00:00,18.6,17.0,17.2,17.8,18.9,17.8
2021-01-13 22:00:00+00:00,19.0,17.0,17.2,18.3,18.9,17.8
2021-01-13 23:00:00+00:00,18.5,16.0,16.7,16.7,17.2,17.2
2021-01-14 00:00:00+00:00,14.0,14.0,13.3,15.0,15.0,14.4
2021-01-14 01:00:00+00:00,12.0,12.0,10.6,10.6,12.8,12.8
2021-01-14 02:00:00+00:00,11.7,10.0,8.3,10.0,11.1,11.1
2021-01-14 03:00:00+00:00,10.6,9.0,7.2,8.9,9.4,10.0
2021-01-14 04:00:00+00:00,9.2,8.0,6.7,6.7,8.3,10.6
2021-01-14 05:00:00+00:00,9.1,7.0,5.6,2.8,8.3,8.9
2021-01-14 06:00:00+00:00,9.0,6.0,5.6,6.7,6.7,8.3
2021-01-14 07:00:00+00:00,10.0,6.0,4.4,7.2,6.1,8.9
2021-01-14 08:00:00+00:00,8.2,5.0,4.4,7.8,5.6,8.9
2021-01-14 09:00:00+00:00,7.5,6.0,3.3,6.7,5.0,6.1
2021-01-14 10:00:00+00:00,8.0,5.0,2.2,5.6,4.4,6.1
2021-01-14 11:00:00+00:00,8.5,4.0,0.6,5.0,6.1,9.4
2021-01-14 12:00:00+00:00,8.0,4.0,2.2,5.0,5.0,7.2
2021-01-14 13:00:00+00:00,7.7,4.0,1.7,3.3,3.9,7.2
2021-01-14 14:00:00+00:00,7.1,4.0,1.7,4.4,3.9,6.1
2021-01-14 15:00:00+00:00,11.5,7.0,5.6,8.3,7.2,11.1
2021-01-14 16:00:00+00:00,,10.0,10.6,12.8,11.7,16.1
2021-01-14 17:00:00+00:00,,15.0,15.0,16.1,15.6,17.8
2021-01-14 18:00:00+00:00,,19.0,21.1,20.0,19.4,18.3
2021-01-14 19:00:00+00:00,,19.0,21.1,21.7,20.0,18.9
2021-01-14 20:00:00+00:00,,18.0,20.6,20.6,19.4,18.9
2021-01-14 21:00:00+00:00,,19.0,20.0,20.6,20.0,18.9
2021-01-14 22:00:00+00:00,,18.0,19.4,20.0,20.0,18.9
2021-01-14 23:00:00+00:00,,17.0,18.3,18.9,18.3,17.2
2021-01-15 00:00:00+00:00,,15.0,15.0,16.7,16.7,15.0
2021-01-15 01:00:00+00:00,,13.0,12.2,14.4,15.0,13.3
2021-01-15 02:00:00+00:00,,11.0,8.9,13.9,13.3,11.1
2021-01-15 03:00:00+00:00,,10.0,8.3,12.8,12.8,10.6
2021-01-15 04:00:00+00:00,9.7,9.0,6.7,10.6,11.1,8.3
2021-01-15 05:00:00+00:00,8.0,8.0,5.0,10.0,10.0,6.7
2021-01-15 06:00:00+00:00,6.6,7.0,4.4,9.4,9.4,7.2
2021-01-15 07:00:00+00:00,5.8,7.0,3.9,8.3,7.2,6.1
2021-01-15 08:00:00+00:00,7.1,7.0,2.2,7.2,7.2,5.0
2021-01-15 09:00:00+00:00,7.0,6.0,3.9,7.2,5.6,3.9
2021-01-15 10:00:00+00:00,6.6,5.0,3.9,3.9,5.6,3.9
2021-01-15 11:00:00+00:00,6.1,5.0,3.3,7.2,4.4,4.4
2021-01-15 12:00:00+00:00,,6.0,3.9,5.6,5.6,3.3
2021-01-15 13:00:00+00:00,5.0,5.0,3.9,7.2,3.9,2.8
2021-01-15 14:00:00+00:00,4.0,5.0,4.4,7.8,4.4,3.3
2021-01-15 15:00:00+00:00,5.1,8.0,7.8,9.4,6.7,6.7
2021-01-15 16:00:00+00:00,8.3,10.0,10.6,11.1,10.0,9.4
2021-01-15 17:00:00+00:00,11.4,12.0,12.8,12.8,12.8,11.1
2021-01-15 18:00:00+00:00,13.0,13.0,14.4,13.9,13.9,11.7
2021-01-15 19:00:00+00:00,13.5,13.0,15.6,15.6,15.0,12.8
2021-01-15 20:00:00+00:00,,14.0,16.1,15.6,15.0,13.3
2021-01-15 21:00:00+00:00,14.0,14.0,16.1,16.1,15.0,14.4
2021-01-15 22:00:00+00:00,14.0,15.0,15.6,15.6,15.0,14.4
2021-01-15 23:00:00+00:00,13.7,14.0,15.0,15.6,15.0,13.9
2021-01-16 00:00:00+00:00,11.1,13.0,12.8,13.3,13.3,11.7
2021-01-16 01:00:00+00:00,8.5,10.0,9.4,11.7,11.7,9.4
2021-01-16 02:00:00+00:00,8.5,9.0,7.8,7.8,8.9,6.7
2021-01-16 03:00:00+00:00,7.5,8.0,6.7,7.8,8.9,6.1
2021-01-16 04:00:00+00:00,7.0,7.0,5.6,6.7,6.7,6.1
2021-01-16 05:00:00+00:00,6.5,5.0,3.3,7.8,7.2,6.7
2021-01-16 06:00:00+00:00,5.8,5.0,3.9,6.1,6.1,7.2
2021-01-16 07:00:00+00:00,4.5,5.0,1.7,5.6,6.7,4.4
2021-01-16 08:00:00+00:00,4.0,7.0,1.7,6.1,6.7,4.4
2021-01-16 09:00:00+00:00,4.0,6.0,0.0,5.6,5.6,3.9
2021-01-16 10:00:00+00:00,3.7,5.0,-0.6,6.7,5.0,3.9
2021-01-16 11:00:00+00:00,3.5,4.0,-0.6,6.1,5.0,3.3
2021-01-16 12:00:00+00:00,2.2,3.0,-0.6,4.4,4.4,2.2
2021-01-16 13:00:00+00:00,2.0,3.0,-1.1,3.9,3.9,3.3
2021-01-16 14:00:00+00:00,1.7,3.0,0.0,4.4,3.3,-0.6
2021-01-16 15:00:00+00:00,3.0,6.0,3.3,7.8,6.1,5.0
2021-01-16 16:00:00+00:00,7.2,10.0,8.9,10.6,8.3,8.3
2021-01-16 17:00:00+00:00,11.1,12.0,13.9,12.2,11.7,11.7
2021-01-16 18:00:00+00:00,13.5,14.0,10.6,13.9,13.9,13.9
2021-01-16 19:00:00+00:00,16.2,14.0,16.7,15.6,16.7,14.4
2021-01-16 20:00:00+00:00,16.5,15.0,17.2,16.7,16.7,16.1
2021-01-16 21:00:00+00:00,17.1,16.0,17.8,17.2,17.2,16.1
2021-01-16 22:00:00+00:00,17.2,17.0,17.8,17.2,16.7,16.7
2021-01-16 23:00:00+00:00,17.0,16.0,16.7,17.2,16.7,16.7
2021-01-17 00:00:00+00:00,10.5,13.0,13.3,13.9,13.9,13.9
2021-01-17 01:00:00+00:00,7.3,11.0,7.2,5.0,10.6,10.6
2021-01-17 02:00:00+00:00,6.9,9.0,6.7,4.4,10.6,9.4
2021-01-17 03:00:00+00:00,7.1,7.0,7.2,5.0,9.4,4.4
2021-01-17 04:00:00+00:00,6.7,8.0,3.9,6.1,6.7,6.7
2021-01-17 05:00:00+00:00,8.0,8.0,3.9,5.6,6.7,6.1
2021-01-17 06:00:00+00:00,9.2,7.0,4.4,7.2,7.2,6.7
2021-01-17 07:00:00+00:00,8.4,7.0,5.0,7.8,7.8,7.2
2021-01-17 08:00:00+00:00,5.2,7.0,5.0,8.3,8.3,5.0
2021-01-17 09:00:00+00:00,5.0,7.0,5.6,7.2,6.7,3.3
2021-01-17 10:00:00+00:00,4.0,5.0,3.9,7.2,6.1,2.2
2021-01-17 11:00:00+00:00,4.3,5.0,1.1,7.8,5.0,2.2
2021-01-17 12:00:00+00:00,3.8,3.0,1.7,6.1,6.1,1.7
2021-01-17 13:00:00+00:00,3.6,3.0,1.1,3.9,3.9,1.1
2021-01-17 14:00:00+00:00,3.0,4.0,0.0,6.1,5.0,0.6
2021-01-17 15:00:00+00:00,6.0,8.0,6.7,10.6,7.8,7.2
2021-01-17 16:00:00+00:00,9.3,13.0,11.7,15.0,11.7,11.7
2021-01-17 17:00:00+00:00,,15.0,15.0,16.7,13.9,13.9
2021-01-17 18:00:00+00:00,,16.0,19.4,17.8,17.8,16.1
2021-01-17 19:00:00+00:00,,17.0,21.1,18.9,18.3,17.2
2021-01-17 20:00:00+00:00,,18.0,20.0,20.0,19.4,18.3
2021-01-17 21:00:00+00:00,,18.0,20.0,20.0,20.6,18.3
2021-01-17 22:00:00+00:00,,18.0,20.0,20.0,20.0,17.8
2021-01-17 23:00:00+00:00,,17.0,18.3,18.3,18.9,16.7
2021-01-18 00:00:00+00:00,,13.0,14.4,16.1,16.1,13.9
2021-01-18 01:00:00+00:00,,11.0,11.1,10.0,13.9,12.2
2021-01-18 02:00:00+00:00,,10.0,8.9,7.8,12.8,6.7
2021-01-18 03:00:00+00:00,,10.0,8.9,6.7,10.6,5.6
2021-01-18 04:00:00+00:00,6.8,9.0,8.3,5.6,9.4,3.3
2021-01-18 05:00:00+00:00,6.0,8.0,4.4,5.6,7.2,2.8
2021-01-18 06:00:00+00:00,,8.0,2.8,6.7,6.7,1.7
2021-01-18 07:00:00+00:00,,5.0,2.2,4.4,4.4,2.8
2021-01-18 08:00:00+00:00,,7.0,2.2,4.4,3.9,1.1
2021-01-18 09:00:00+00:00,,7.0,1.7,3.9,5.0,1.7
2021-01-18 10:00:00+00:00,,5.0,1.7,5.6,4.4,1.1
2021-01-18 11:00:00+00:00,,4.0,2.8,5.0,3.9,0.6
2021-01-18 12:00:00+00:00,,5.0,5.0,5.6,5.6,0.6
2021-01-18 13:00:00+00:00,,5.0,5.6,10.0,7.2,5.0
2021-01-18 14:00:00+00:00,,7.0,6.7,11.1,8.3,6.7
2021-01-18 15:00:00+00:00,10.0,9.0,8.9,12.8,10.0,10.0
2021-01-18 16:00:00+00:00,13.1,12.0,12.8,18.9,12.8,12.8
2021-01-18 17:00:00+00:00,14.5,15.0,15.6,20.6,16.1,16.7
2021-01-18 18:00:00+00:00,18.5,18.0,17.8,18.3,18.3,18.3
2021-01-18 19:00:00+00:00,17.6,20.0,20.6,21.1,20.0,19.4
2021-01-18 20:00:00+00:00,20.8,,22.2,22.2,22.2,20.6
2021-01-18 21:00:00+00:00,22.1,23.0,23.9,23.9,22.8,21.7
2021-01-18 22:00:00+00:00,,23.0,23.9,23.3,23.9,22.2
2021-01-18 23:00:00+00:00,,23.0,23.3,23.9,23.3,22.2
2021-01-19 00:00:00+00:00,,21.0,21.1,21.7,21.7,21.1
2021-01-19 01:00:00+00:00,17.0,19.0,20.0,20.0,20.6,18.9
2021-01-19 02:00:00+00:00,,18.0,18.9,19.4,19.4,17.8
2021-01-19 03:00:00+00:00,17.5,18.0,18.3,19.4,18.9,17.8
2021-01-19 04:00:00+00:00,17.5,18.0,18.9,20.0,18.9,18.3
2021-01-19 05:00:00+00:00,17.5,19.0,19.4,20.0,19.4,18.3
2021-01-19 06:00:00+00:00,,19.0,18.9,18.3,18.3,18.9
2021-01-19 07:00:00+00:00,,19.0,18.9,20.0,18.9,18.9
2021-01-19 08:00:00+00:00,,19.0,18.3,19.4,18.9,18.9
2021-01-19 09:00:00+00:00,,18.0,18.3,19.4,18.9,18.3
2021-01-19 10:00:00+00:00,,18.0,17.2,19.4,18.3,17.8
2021-01-19 11:00:00+00:00,,18.0,17.8,18.9,18.3,17.2
2021-01-19 12:00:00+00:00,,18.0,17.2,18.3,18.3,17.2
2021-01-19 13:00:00+00:00,,17.0,17.2,17.2,17.8,16.7
2021-01-19 14:00:00+00:00,,17.0,17.2,17.8,17.8,16.7
2021-01-19 15:00:00+00:00,,17.0,18.3,18.3,17.8,16.7
2021-01-19 16:00:00+00:00,,18.0,18.9,18.9,18.3,16.7
2021-01-19 17:00:00+00:00,18.0,19.0,21.7,20.6,20.0,13.3
2021-01-19 18:00:00+00:00,,20.0,22.8,19.4,19.4,12.8
2021-01-19 19:00:00+00:00,,14.0,22.2,21.7,15.0,12.2
2021-01-19 20:00:00+00:00,,13.0,23.3,14.4,13.9,11.1
2021-01-19 21:00:00+00:00,,12.0,16.7,13.9,12.8,10.6
2021-01-19 22:00:00+00:00,,11.0,14.4,12.2,11.7,9.4
2021-01-19 23:00:00+00:00,,10.0,12.2,12.2,11.1,9.4
2021-01-20 00:00:00+00:00,7.7,10.0,11.1,10.0,10.0,9.4
2021-01-20 01:00:00+00:00,7.2,9.0,10.0,10.6,10.0,9.4
2021-01-20 02:00:00+00:00,6.7,9.0,10.0,10.6,10.0,9.4
2021-01-20 03:00:00+00:00,6.8,9.0,10.0,10.6,10.0,9.4
2021-01-20 04:00:00+00:00,7.2,9.0,10.0,10.6,10.0,9.4
2021-01-20 05:00:00+00:00,7.5,9.0,9.4,10.0,10.0,8.9
2021-01-20 06:00:00+00:00,7.7,9.0,9.4,10.0,10.0,8.9
2021-01-20 07:00:00+00:00,7.6,9.0,9.4,10.0,10.0,8.9
2021-01-20 08:00:00+00:00,7.8,9.0,9.4,10.0,10.0,9.4
2021-01-20 09:00:00+00:00,7.8,9.0,9.4,10.0,10.0,9.4
2021-01-20 10:00:00+00:00,,9.0,9.4,10.0,10.0,8.9
2021-01-20 11:00:00+00:00,7.8,9.0,9.4,10.6,10.0,8.9
2021-01-20 12:00:00+00:00,7.0,9.0,9.4,10.0,10.0,8.9
2021-01-20 13:00:00+00:00,6.5,9.0,9.4,10.0,10.0,8.3
2021-01-20 14:00:00+00:00,6.6,9.0,9.4,9.4,10.0,8.3
2021-01-20 15:00:00+00:00,6.4,8.0,9.4,9.4,9.4,7.2
2021-01-20 16:00:00+00:00,6.2,8.0,9.4,9.4,9.4,7.2
2021-01-20 17:00:00+00:00,6.6,8.0,10.0,10.0,9.4,7.2
2021-01-20 18:00:00+00:00,8.0,9.0,10.0,10.0,10.0,8.3
2021-01-20 19:00:00+00:00,8.8,10.0,10.6,10.6,11.1,9.4
2021-01-20 20:00:00+00:00,9.5,11.0,11.1,11.7,11.7,9.4
2021-01-20 21:00:00+00:00,8.8,12.0,12.2,12.8,12.2,10.0
2021-01-20 22:00:00+00:00,8.2,12.0,12.2,13.3,12.2,10.0
2021-01-20 23:00:00+00:00,8.0,12.0,12.2,13.9,10.6,9.4
2021-01-21 00:00:00+00:00,8.0,11.0,11.7,10.0,10.0,9.4
2021-01-21 01:00:00+00:00,7.8,10.0,11.7,10.6,10.0,9.4
2021-01-21 02:00:00+00:00,8.0,10.0,10.6,10.0,10.0,8.3
2021-01-21 03:00:00+00:00,8.1,9.0,10.0,10.0,10.0,8.3
2021-01-21 04:00:00+00:00,8.3,9.0,9.4,10.6,10.0,8.3
2021-01-21 05:00:00+00:00,8.1,9.0,9.4,10.6,10.0,8.9
2021-01-21 06:00:00+00:00,8.1,9.0,10.0,10.0,10.0,8.9
2021-01-21 07:00:00+00:00,8.1,9.0,9.4,10.6,10.0,9.4
2021-01-21 08:00:00+00:00,8.2,10.0,10.0,10.0,10.0,9.4
2021-01-21 09:00:00+00:00,8.3,10.0,10.0,10.6,10.0,9.4
2021-01-21 10:00:00+00:00,8.6,10.0,10.0,10.6,10.0,9.4
2021-01-21 11:00:00+00:00,8.6,10.0,10.6,11.1,10.6,10.0
2021-01-21 12:00:00+00:00,8.5,10.0,10.6,10.6,10.6,9.4
2021-01-21 13:00:00+00:00,8.2,10.0,10.6,10.6,10.0,10.0
2021-01-21 14:00:00+00:00,8.8,10.0,11.1,11.1,10.6,10.0
2021-01-21 15:00:00+00:00,10.6,12.0,12.2,12.2,11.7,11.7
2021-01-21 16:00:00+00:00,13.6,13.0,13.3,14.4,13.3,13.3
2021-01-21 17:00:00+00:00,17.0,15.0,15.0,15.6,16.7,16.7
2021-01-21 18:00:00+00:00,16.2,17.0,16.7,16.7,16.7,17.8
2021-01-21 19:00:00+00:00,16.3,17.0,18.9,18.3,17.8,18.9
2021-01-21 20:00:00+00:00,17.2,17.0,18.3,18.9,18.3,18.9
2021-01-21 21:00:00+00:00,16.8,17.0,18.3,18.9,18.3,18.3
2021-01-21 22:00:00+00:00,16.2,18.0,18.3,19.4,18.3,17.8
2021-01-21 23:00:00+00:00,16.0,18.0,17.2,18.9,18.9,17.2
2021-01-22 00:00:00+00:00,15.1,17.0,16.7,17.8,17.8,16.1
2021-01-22 01:00:00+00:00,14.1,17.0,16.1,16.1,17.2,15.0
2021-01-22 02:00:00+00:00,14.3,15.0,15.6,16.1,16.7,15.6
2021-01-22 03:00:00+00:00,14.2,15.0,15.0,16.1,16.1,15.6
2021-01-22 04:00:00+00:00,14.7,15.0,14.4,15.0,15.6,15.0
2021-01-22 05:00:00+00:00,14.2,14.0,14.4,15.0,15.0,15.0
2021-01-22 06:00:00+00:00,13.0,14.0,13.3,14.4,14.4,15.0
2021-01-22 07:00:00+00:00,13.6,13.0,12.8,13.9,14.4,14.4
2021-01-22 08:00:00+00:00,12.8,13.0,11.1,12.2,14.4,14.4
2021-01-22 09:00:00+00:00,11.8,13.0,11.7,13.3,13.3,13.9
2021-01-22 10:00:00+00:00,12.1,13.0,11.1,12.8,13.3,13.9
2021-01-22 11:00:00+00:00,11.6,13.0,11.1,12.2,12.8,13.3
2021-01-22 12:00:00+00:00,11.8,13.0,11.7,12.2,12.2,13.3
2021-01-22 13:00:00+00:00,11.8,13.0,12.2,12.8,13.3,12.2
2021-01-22 14:00:00+00:00,11.7,13.0,12.2,12.8,12.8,12.8
2021-01-22 15:00:00+00:00,13.0,13.0,13.3,13.9,13.9,13.9
2021-01-22 16:00:00+00:00,16.0,15.0,16.1,16.1,16.1,17.8
2021-01-22 17:00:00+00:00,18.6,18.0,17.8,18.9,19.4,20.0
2021-01-22 18:00:00+00:00,19.0,22.0,19.4,22.2,22.2,20.0
2021-01-22 19:00:00+00:00,22.7,22.0,23.3,25.6,22.8,20.0
2021-01-22 20:00:00+00:00,23.0,23.0,25.6,24.4,23.3,21.1
2021-01-22 21:00:00+00:00,24.4,23.0,25.6,25.0,25.0,21.1
2021-01-22 22:00:00+00:00,23.1,22.0,25.0,24.4,25.6,17.8
2021-01-22 23:00:00+00:00,21.8,17.0,25.0,23.9,21.1,16.7
2021-01-23 00:00:00+00:00,15.8,14.0,21.1,17.8,17.8,13.3
2021-01-23 01:00:00+00:00,13.4,12.0,17.2,14.4,13.9,12.2
2021-01-23 02:00:00+00:00,12.2,12.0,13.9,13.9,13.3,11.7
2021-01-23 03:00:00+00:00,11.5,12.0,13.3,12.8,13.3,11.1
2021-01-23 04:00:00+00:00,10.7,11.0,12.2,12.8,11.7,10.6
2021-01-23 05:00:00+00:00,10.4,11.0,12.2,12.2,11.7,10.6
2021-01-23 06:00:00+00:00,9.9,10.0,11.7,11.1,11.1,10.0
2021-01-23 07:00:00+00:00,9.5,10.0,11.7,11.7,11.7,10.0
2021-01-23 08:00:00+00:00,9.1,10.0,11.1,11.1,10.6,9.4
2021-01-23 09:00:00+00:00,8.7,10.0,11.1,10.6,10.6,9.4
2021-01-23 10:00:00+00:00,8.6,10.0,10.6,10.6,10.6,9.4
2021-01-23 11:00:00+00:00,8.5,10.0,10.6,11.1,10.6,9.4
2021-01-23 12:00:00+00:00,8.3,10.0,10.6,10.6,10.6,9.4
2021-01-23 13:00:00+00:00,8.5,10.0,10.6,11.1,10.6,9.4
2021-01-23 14:00:00+00:00,8.6,10.0,10.6,11.1,10.6,10.0
2021-01-23 15:00:00+00:00,9.1,,11.7,11.7,11.1,10.0
2021-01-23 16:00:00+00:00,10.7,12.0,12.8,12.8,12.2,11.7
2021-01-23 17:00:00+00:00,11.8,13.0,14.4,14.4,14.4,12.2
2021-01-23 18:00:00+00:00,15.4,14.0,15.6,15.6,15.6,13.9
2021-01-23 19:00:00+00:00,17.2,15.0,16.1,16.7,16.1,14.4
2021-01-23 20:00:00+00:00,16.3,16.0,16.1,16.7,16.1,15.0
2021-01-23 21:00:00+00:00,15.1,16.0,16.7,16.7,15.6,15.0
2021-01-23 22:00:00+00:00,13.9,17.0,17.2,17.8,16.1,14.4
2021-01-23 23:00:00+00:00,13.6,16.0,17.2,17.2,16.1,14.4
2021-01-24 00:00:00+00:00,13.6,15.0,16.7,16.1,16.1,14.4
2021-01-24 01:00:00+00:00,13.7,15.0,16.1,16.7,16.1,15.0
2021-01-24 02:00:00+00:00,13.8,15.0,16.1,16.1,16.1,15.0
2021-01-24 03:00:00+00:00,14.1,15.0,16.1,16.1,16.1,15.0
2021-01-24 04:00:00+00:00,14.4,15.0,15.6,16.1,16.1,15.0
2021-01-24 05:00:00+00:00,14.6,15.0,16.1,16.7,16.1,15.0
2021-01-24 06:00:00+00:00,14.7,15.0,16.1,16.1,16.1,15.0
2021-01-24 07:00:00+00:00,14.7,15.0,16.1,16.7,16.1,15.0
2021-01-24 08:00:00+00:00,15.0,15.0,16.1,16.7,16.1,15.0
2021-01-24 09:00:00+00:00,15.1,15.0,16.1,16.7,16.1,15.0
2021-01-24 10:00:00+00:00,15.1,15.0,16.1,16.7,16.1,15.6
2021-01-24 11:00:00+00:00,15.1,15.0,16.1,16.1,16.1,15.6
2021-01-24 12:00:00+00:00,15.2,15.0,16.1,16.1,16.1,15.6
2021-01-24 13:00:00+00:00,15.3,15.0,16.1,16.1,16.1,
2021-01-24 14:00:00+00:00,15.5,15.0,16.1,16.1,16.1,
2021-01-24 15:00:00+00:00,15.6,15.0,16.1,16.7,16.7,15.6
2021-01-24 16:00:00+00:00,16.0,16.0,17.2,16.7,16.7,15.6
2021-01-24 17:00:00+00:00,16.8,17.0,17.2,17.2,16.7,16.7
2021-01-24 18:00:00+00:00,17.2,18.0,18.3,17.2,17.2,17.2
2021-01-24 19:00:00+00:00,17.5,18.0,19.4,18.3,17.8,17.8
2021-01-24 20:00:00+00:00,17.8,19.0,20.0,18.9,18.3,18.3
2021-01-24 21:00:00+00:00,18.0,19.0,21.1,20.0,18.9,18.3
2021-01-24 22:00:00+00:00,18.5,20.0,21.7,21.7,19.4,18.3
2021-01-24 23:00:00+00:00,19.0,20.0,21.1,22.2,20.6,18.9
2021-01-25 00:00:00+00:00,19.2,20.0,21.7,20.6,20.6,20.0
2021-01-25 01:00:00+00:00,19.2,20.0,21.1,21.7,20.0,20.0
2021-01-25 02:00:00+00:00,19.1,20.0,21.1,21.7,20.0,20.0
2021-01-25 03:00:00+00:00,19.1,20.0,21.1,21.7,20.0,20.0
2021-01-25 04:00:00+00:00,19.1,20.0,21.1,21.7,20.6,20.0
2021-01-25 05:00:00+00:00,19.1,20.0,21.7,21.7,20.6,20.0
2021-01-25 06:00:00+00:00,19.3,21.0,21.7,21.1,21.1,21.1
2021-01-25 07:00:00+00:00,19.7,22.0,22.2,22.2,21.7,21.1
2021-01-25 08:00:00+00:00,19.5,22.0,22.2,22.8,22.2,21.7
2021-01-25 09:00:00+00:00,19.9,22.0,21.7,22.8,22.2,21.7
2021-01-25 10:00:00+00:00,19.7,22.0,21.7,22.8,22.2,21.7
2021-01-25 11:00:00+00:00,19.2,20.0,21.1,22.8,21.1,20.0
2021-01-25 12:00:00+00:00,19.1,20.0,20.6,20.6,20.6,19.4
2021-01-25 13:00:00+00:00,13.4,20.0,20.0,20.6,20.0,16.7
2021-01-25 14:00:00+00:00,13.2,16.0,18.3,18.3,16.1,15.0
2021-01-25 15:00:00+00:00,14.7,16.0,17.8,18.3,16.7,16.1
2021-01-25 16:00:00+00:00,16.7,18.0,18.9,19.4,17.8,17.8
2021-01-25 17:00:00+00:00,18.8,19.0,21.1,20.6,20.0,19.4
2021-01-25 18:00:00+00:00,21.0,20.0,22.8,21.7,21.7,21.1
2021-01-25 19:00:00+00:00,21.9,21.0,23.3,23.3,22.8,21.7
2021-01-25 20:00:00+00:00,22.3,23.0,23.3,23.3,22.8,22.2
2021-01-25 21:00:00+00:00,22.3,23.0,23.9,24.4,23.9,22.8
2021-01-25 22:00:00+00:00,22.8,23.0,24.4,24.4,24.4,22.8
2021-01-25 23:00:00+00:00,22.4,23.0,23.3,23.9,23.3,22.2
2021-01-26 00:00:00+00:00,18.4,20.0,19.4,21.1,21.1,20.0
2021-01-26 01:00:00+00:00,15.2,19.0,16.1,12.8,17.8,12.8
2021-01-26 02:00:00+00:00,15.6,17.0,13.9,11.1,15.6,12.8
2021-01-26 03:00:00+00:00,15.5,,12.2,8.9,13.3,12.2
2021-01-26 04:00:00+00:00,,,,7.8,11.7,
2021-01-26 05:00:00+00:00,12.0,13.0,10.0,7.8,10.6,7.8
2021-01-26 06:00:00+00:00,12.5,12.0,9.4,9.4,9.4,7.2
2021-01-26 07:00:00+00:00,12.5,12.0,7.8,7.2,9.4,6.7
2021-01-26 08:00:00+00:00,11.7,9.0,6.7,6.7,8.9,6.7
2021-01-26 09:00:00+00:00,11.3,9.0,5.0,5.6,8.9,5.0
2021-01-26 10:00:00+00:00,9.9,9.0,6.1,4.4,8.9,5.6
2021-01-26 11:00:00+00:00,10.2,9.0,7.2,3.9,10.0,6.1
2021-01-26 12:00:00+00:00,8.5,9.0,7.2,8.9,8.9,4.4
2021-01-26 13:00:00+00:00,8.3,8.0,7.2,3.9,8.3,4.4
2021-01-26 14:00:00+00:00,7.9,9.0,7.2,5.0,8.3,4.4
2021-01-26 15:00:00+00:00,13.3,13.0,10.0,10.6,10.6,12.2
2021-01-26 16:00:00+00:00,16.4,16.0,16.7,13.9,15.0,13.9
2021-01-26 17:00:00+00:00,18.8,15.0,19.4,17.8,20.6,16.1
2021-01-26 18:00:00+00:00,20.5,18.0,20.6,20.0,20.0,17.2
2021-01-26 19:00:00+00:00,21.1,19.0,22.8,21.1,21.1,18.9
2021-01-26 20:00:00+00:00,22.0,20.0,23.3,22.2,21.7,19.4
2021-01-26 21:00:00+00:00,22.8,21.0,23.3,22.8,21.7,20.6
2021-01-26 22:00:00+00:00,22.6,22.0,24.4,23.3,22.2,20.6
2021-01-26 23:00:00+00:00,21.0,22.0,23.9,23.3,22.2,20.0
2021-01-27 00:00:00+00:00,16.3,18.0,19.4,20.6,20.6,17.8
2021-01-27 01:00:00+00:00,13.0,15.0,14.4,11.1,17.8,15.0
2021-01-27 02:00:00+00:00,13.0,13.0,11.7,8.3,16.1,13.9
2021-01-27 03:00:00+00:00,12.3,13.0,12.8,11.1,15.6,12.2
2021-01-27 04:00:00+00:00,11.2,12.0,13.3,11.1,13.9,11.1
2021-01-27 05:00:00+00:00,9.6,12.0,12.2,10.0,13.3,10.6
2021-01-27 06:00:00+00:00,9.0,10.0,12.2,11.7,11.7,10.0
2021-01-27 07:00:00+00:00,,10.0,11.1,11.7,11.7,9.4
2021-01-27 08:00:00+00:00,9.1,10.0,11.1,11.7,11.7,10.0
2021-01-27 09:00:00+00:00,8.1,9.0,11.1,11.1,11.1,8.3
2021-01-27 10:00:00+00:00,7.0,9.0,10.0,9.4,10.0,7.8
2021-01-27 11:00:00+00:00,6.6,8.0,9.4,6.7,10.0,6.7
2021-01-27 12:00:00+00:00,6.8,9.0,8.9,10.0,10.0,6.7
2021-01-27 13:00:00+00:00,6.8,7.0,7.8,8.9,8.9,6.7
2021-01-27 14:00:00+00:00,7.5,8.0,8.9,8.9,9.4,6.7
2021-01-27 15:00:00+00:00,9.1,9.0,11.1,11.7,10.6,8.9
2021-01-27 16:00:00+00:00,13.3,13.0,12.8,12.8,13.3,12.8
2021-01-27 17:00:00+00:00,14.9,15.0,16.1,15.6,16.1,15.0
2021-01-27 18:00:00+00:00,16.1,17.0,17.2,17.2,17.2,16.1
2021-01-27 19:00:00+00:00,17.5,18.0,18.9,18.3,,17.2
2021-01-27 20:00:00+00:00,17.1,18.0,19.4,19.4,,17.2
2021-01-27 21:00:00+00:00,17.6,18.0,19.4,19.4,,17.2
2021-01-27 22:00:00+00:00,16.6,17.0,18.9,18.3,,16.1
2021-01-27 23:00:00+00:00,14.1,15.0,17.2,16.7,,13.9
2021-01-28 00:00:00+00:00,11.1,12.0,15.0,14.4,14.4,11.7
2021-01-28 01:00:00+00:00,8.5,10.0,10.6,12.2,12.2,9.4
2021-01-28 02:00:00+00:00,7.4,8.0,9.4,10.0,11.1,8.3
2021-01-28 03:00:00+00:00,5.8,7.0,8.3,8.9,10.0,7.2
2021-01-28 04:00:00+00:00,5.0,7.0,6.1,5.0,9.4,6.1
2021-01-28 05:00:00+00:00,4.1,5.0,5.6,8.3,8.3,5.0
2021-01-28 06:00:00+00:00,2.7,5.0,5.6,7.2,7.2,3.9
2021-01-28 07:00:00+00:00,2.1,4.0,5.6,6.7,,3.3
2021-01-28 08:00:00+00:00,1.6,4.0,4.4,5.0,5.6,2.2
2021-01-28 09:00:00+00:00,1.6,3.0,2.8,2.8,5.0,1.7
2021-01-28 10:00:00+00:00,0.6,3.0,1.7,1.7,4.4,1.7
2021-01-28 11:00:00+00:00,0.5,2.0,2.2,0.6,3.3,1.1
2021-01-28 12:00:00+00:00,0.1,2.0,2.2,3.3,3.3,0.6
2021-01-28 13:00:00+00:00,0.0,2.0,1.7,2.8,3.9,0.0
2021-01-28 14:00:00+00:00,0.0,2.0,3.3,3.9,3.9,1.1
2021-01-28 15:00:00+00:00,1.6,3.0,3.9,3.9,3.9,2.8
2021-01-28 16:00:00+00:00,5.0,5.0,6.1,6.1,,4.4
2021-01-28 17:00:00+00:00,7.6,7.0,7.8,7.8,8.3,5.6
2021-01-28 18:00:00+00:00,9.3,8.0,10.6,9.4,9.4,7.2
2021-01-28 19:00:00+00:00,11.7,10.0,11.1,11.1,11.1,8.9
2021-01-28 20:00:00+00:00,13.9,11.0,12.8,12.2,12.2,8.9
2021-01-28 21:00:00+00:00,13.1,11.0,13.3,11.7,12.2,10.0
2021-01-28 22:00:00+00:00,11.7,11.0,13.3,12.8,12.2,10.0
2021-01-28 23:00:00+00:00,11.0,11.0,13.9,12.8,12.2,10.0
2021-01-29 00:00:00+00:00,9.1,9.0,12.2,11.1,11.1,8.9
2021-01-29 01:00:00+00:00,4.6,8.0,10.0,10.0,10.0,6.7
2021-01-29 02:00:00+00:00,4.0,6.0,9.4,8.9,8.9,3.3
2021-01-29 03:00:00+00:00,3.5,6.0,8.3,7.2,7.8,2.8
2021-01-29 04:00:00+00:00,3.5,5.0,7.2,3.9,7.2,2.2
2021-01-29 05:00:00+00:00,3.1,5.0,6.7,2.2,6.1,1.1
2021-01-29 06:00:00+00:00,3.1,5.0,4.4,5.6,5.6,1.1
2021-01-29 07:00:00+00:00,3.0,,3.3,2.2,4.4,1.1
2021-01-29 08:00:00+00:00,3.0,5.0,1.7,2.2,3.9,1.7
2021-01-29 09:00:00+00:00,3.0,5.0,3.3,1.1,3.9,1.7
2021-01-29 10:00:00+00:00,3.2,4.0,1.7,1.7,3.9,1.7
2021-01-29 11:00:00+00:00,3.1,3.0,1.7,2.8,2.8,1.1
2021-01-29 12:00:00+00:00,3.5,3.0,1.7,2.8,2.8,0.6
2021-01-29 13:00:00+00:00,3.8,3.0,1.7,0.6,2.8,1.1
2021-01-29 14:00:00+00:00,4.9,4.0,3.3,2.2,2.8,1.1
2021-01-29 15:00:00+00:00,8.6,7.0,7.2,6.7,7.8,5.6
2021-01-29 16:00:00+00:00,11.3,,10.6,10.0,10.0,10.0
2021-01-29 17:00:00+00:00,13.8,13.0,13.3,13.3,12.8,13.3
2021-01-29 18:00:00+00:00,15.8,15.0,16.1,15.0,15.0,15.0
2021-01-29 19:00:00+00:00,17.9,17.0,17.2,18.9,17.8,16.1
2021-01-29 20:00:00+00:00,19.1,18.0,18.3,19.4,18.3,16.7
2021-01-29 21:00:00+00:00,19.8,18.0,20.6,20.6,20.0,18.9
2021-01-29 22:00:00+00:00,19.4,19.0,20.0,20.6,19.4,18.9
2021-01-29 23:00:00+00:00,19.3,18.0,19.4,19.4,19.4,18.3
2021-01-30 00:00:00+00:00,16.9,18.0,18.9,18.9,18.9,17.8
2021-01-30 01:00:00+00:00,15.8,17.0,17.8,18.3,18.3,16.7
2021-01-30 02:00:00+00:00,15.7,17.0,17.2,17.8,17.8,16.7
2021-01-30 03:00:00+00:00,15.4,17.0,16.7,17.2,17.2,16.7
2021-01-30 04:00:00+00:00,14.2,17.0,15.0,16.7,16.7,16.1
2021-01-30 05:00:00+00:00,14.5,15.0,13.9,15.0,16.1,16.1
2021-01-30 06:00:00+00:00,14.0,14.0,14.4,15.0,15.0,15.0
2021-01-30 07:00:00+00:00,13.6,14.0,14.4,15.0,15.0,14.4
2021-01-30 08:00:00+00:00,13.5,14.0,14.4,15.6,15.0,13.9
2021-01-30 09:00:00+00:00,13.2,14.0,15.0,15.6,15.0,13.9
2021-01-30 10:00:00+00:00,13.3,14.0,15.0,16.1,15.6,13.9
2021-01-30 11:00:00+00:00,13.9,15.0,15.6,16.7,15.6,13.9
2021-01-30 12:00:00+00:00,14.2,16.0,15.6,16.1,16.1,15.6
2021-01-30 13:00:00+00:00,14.9,17.0,16.1,17.2,16.7,15.6
2021-01-30 14:00:00+00:00,15.6,17.0,17.2,17.8,17.2,16.7
2021-01-30 15:00:00+00:00,16.5,18.0,17.8,18.9,18.3,17.8
2021-01-30 16:00:00+00:00,17.6,18.0,18.9,19.4,18.9,18.9
2021-01-30 17:00:00+00:00,17.8,19.0,20.6,20.6,20.0,19.4
2021-01-30 18:00:00+00:00,16.5,19.0,20.0,20.0,20.0,18.9
2021-01-30 19:00:00+00:00,21.7,20.0,20.6,21.1,21.7,22.2
2021-01-30 20:00:00+00:00,24.3,23.0,22.8,24.4,24.4,23.9
2021-01-30 21:00:00+00:00,25.5,24.0,24.4,25.0,25.6,25.0
2021-01-30 22:00:00+00:00,25.5,25.0,24.4,25.0,26.7,25.6
2021-01-30 23:00:00+00:00,25.3,24.0,23.9,25.0,26.1,25.6
2021-01-31 00:00:00+00:00,22.5,22.0,21.7,23.9,23.9,22.2
2021-01-31 01:00:00+00:00,18.3,19.0,18.9,20.6,20.6,20.6
2021-01-31 02:00:00+00:00,19.4,19.0,16.1,17.8,20.6,17.2
2021-01-31 03:00:00+00:00,18.5,19.0,17.2,14.4,16.1,15.6
2021-01-31 04:00:00+00:00,17.0,17.0,13.3,11.7,15.0,16.7
2021-01-31 05:00:00+00:00,14.6,16.0,9.4,14.4,12.8,15.6
2021-01-31 06:00:00+00:00,14.6,15.0,10.0,15.0,15.0,16.7
2021-01-31 07:00:00+00:00,15.0,14.0,6.7,16.1,14.4,14.4
2021-01-31 08:00:00+00:00,14.0,13.0,8.3,15.6,13.3,12.8
2021-01-31 09:00:00+00:00,13.3,13.0,7.2,15.0,12.8,11.7
2021-01-31 10:00:00+00:00,10.1,13.0,6.7,13.3,12.8,11.7
2021-01-31 11:00:00+00:00,12.1,12.0,5.6,12.8,11.1,11.1
2021-01-31 12:00:00+00:00,11.5,10.0,5.6,11.1,11.1,10.0
2021-01-31 13:00:00+00:00,9.9,10.0,7.2,12.2,10.6,8.9
2021-01-31 14:00:00+00:00,9.4,10.0,6.1,11.7,11.1,8.9
2021-01-31 15:00:00+00:00,11.3,11.0,13.3,13.3,12.2,10.0
2021-01-31 16:00:00+00:00,12.8,13.0,15.6,14.4,13.9,11.7
2021-01-31 17:00:00+00:00,15.5,14.0,17.2,16.1,16.1,13.9
2021-01-31 18:00:00+00:00,17.3,16.0,19.4,17.8,17.8,15.0
2021-01-31 19:00:00+00:00,18.6,17.0,20.6,20.0,19.4,16.7
2021-01-31 20:00:00+00:00,18.5,18.0,21.7,20.0,20.0,17.2
2021-01-31 21:00:00+00:00,18.9,19.0,21.7,20.6,20.6,18.3
2021-01-31 22:00:00+00:00,18.3,18.0,21.1,20.6,20.0,18.3
2021-01-31 23:00:00+00:00,17.5,18.0,20.0,19.4,18.9,17.2
2021-02-01 00:00:00+00:00,14.7,16.0,17.2,17.2,17.2,15.6
2021-02-01 01:00:00+00:00,11.5,14.0,13.9,12.8,16.1,12.8
2021-02-01 02:00:00+00:00,10.0,13.0,13.9,13.9,14.4,11.7
2021-02-01 03:00:00+00:00,9.7,12.0,10.0,12.2,13.3,10.6
2021-02-01 04:00:00+00:00,9.0,9.0,8.3,11.7,12.2,9.4
2021-02-01 05:00:00+00:00,8.5,9.0,7.2,11.1,11.1,8.9
2021-02-01 06:00:00+00:00,8.1,8.0,6.1,10.0,10.0,7.2
2021-02-01 07:00:00+00:00,7.7,8.0,6.1,9.4,8.9,7.2
2021-02-01 08:00:00+00:00,6.6,7.0,4.4,7.8,8.9,6.7
2021-02-01 09:00:00+00:00,6.8,6.0,3.9,7.8,8.3,5.6
2021-02-01 10:00:00+00:00,7.1,6.0,3.3,6.7,7.2,5.6
2021-02-01 11:00:00+00:00,6.9,5.0,3.9,6.7,6.7,5.0
2021-02-01 12:00:00+00:00,6.7,5.0,3.9,5.6,5.6,3.9
2021-02-01 13:00:00+00:00,6.4,4.0,5.0,1.7,5.6,2.8
2021-02-01 14:00:00+00:00,6.6,5.0,5.6,3.9,6.1,3.3
2021-02-01 15:00:00+00:00,9.0,9.0,9.4,10.0,8.9,7.2
2021-02-01 16:00:00+00:00,11.1,10.0,12.8,12.2,12.2,10.0
2021-02-01 17:00:00+00:00,13.1,12.0,15.0,13.9,14.4,12.2
2021-02-01 18:00:00+00:00,15.0,14.0,17.2,16.1,16.1,14.4
2021-02-01 19:00:00+00:00,16.5,15.0,17.8,17.2,17.2,15.6
2021-02-01 20:00:00+00:00,17.6,16.0,18.3,17.8,17.2,16.1
2021-02-01 21:00:00+00:00,18.1,17.0,18.9,17.8,18.3,16.7
2021-02-01 22:00:00+00:00,18.0,17.0,18.3,18.3,18.9,17.2
2021-02-01 23:00:00+00:00,17.5,16.0,17.8,17.8,17.2,16.7
2021-02-02 00:00:00+00:00,13.6,14.0,15.0,15.6,15.6,15.0
2021-02-02 01:00:00+00:00,9.2,11.0,9.4,9.4,13.9,11.1
2021-02-02 02:00:00+00:00,9.1,11.0,7.8,5.6,12.8,7.8
2021-02-02 03:00:00+00:00,8.5,9.0,6.1,3.3,10.6,5.6
2021-02-02 04:00:00+00:00,7.8,9.0,6.1,2.8,7.8,3.9
2021-02-02 05:00:00+00:00,6.4,8.0,3.9,2.2,7.2,2.2
2021-02-02 06:00:00+00:00,6.2,8.0,3.9,5.6,5.6,2.2
2021-02-02 07:00:00+00:00,6.3,8.0,5.6,5.6,6.1,3.9
2021-02-02 08:00:00+00:00,4.9,8.0,3.3,6.1,6.1,4.4
2021-02-02 09:00:00+00:00,4.7,7.0,3.9,1.7,5.0,5.0
2021-02-02 10:00:00+00:00,6.2,7.0,4.4,4.4,5.0,3.9
2021-02-02 11:00:00+00:00,5.5,7.0,4.4,5.6,6.1,4.4
2021-02-02 12:00:00+00:00,6.1,6.0,2.2,5.6,5.6,3.3
2021-02-02 13:00:00+00:00,5.1,5.0,1.7,3.9,5.6,3.9
2021-02-02 14:00:00+00:00,5.1,6.0,3.9,5.0,4.4,2.8
2021-02-02 15:00:00+00:00,9.4,9.0,8.9,10.0,10.6,8.9
2021-02-02 16:00:00+00:00,12.1,12.0,12.2,12.8,12.8,11.7
2021-02-02 17:00:00+00:00,13.9,14.0,14.4,15.0,15.0,13.3
2021-02-02 18:00:00+00:00,16.4,15.0,15.6,16.7,16.7,15.0
2021-02-02 19:00:00+00:00,18.5,17.0,17.2,17.2,18.3,16.1
2021-02-02 20:00:00+00:00,,18.0,18.9,18.9,18.9,17.8
2021-02-02 21:00:00+00:00,,19.0,20.0,19.4,20.0,18.3
2021-02-02 22:00:00+00:00,,19.0,20.0,20.0,20.0,18.9
2021-02-02 23:00:00+00:00,,19.0,19.4,19.4,18.9,18.9
2021-02-03 00:00:00+00:00,,17.0,17.8,17.2,17.2,17.2
2021-02-03 01:00:00+00:00,,14.0,14.4,13.9,15.6,15.0
2021-02-03 02:00:00+00:00,,13.0,11.7,10.6,15.0,13.9
2021-02-03 03:00:00+00:00,,12.0,9.4,7.2,12.8,12.8
2021-02-03 04:00:00+00:00,,10.0,10.6,6.7,11.7,11.1
2021-02-03 05:00:00+00:00,,10.0,10.0,8.3,12.2,10.0
2021-02-03 06:00:00+00:00,,9.0,6.7,11.1,11.1,10.0
2021-02-03 07:00:00+00:00,,8.0,7.2,4.4,10.0,9.4
2021-02-03 08:00:00+00:00,,8.0,5.6,2.8,9.4,9.4
2021-02-03 09:00:00+00:00,,7.0,3.3,2.8,9.4,7.8
2021-02-03 10:00:00+00:00,,6.0,4.4,3.3,8.3,8.9
2021-02-03 11:00:00+00:00,,6.0,3.9,2.8,7.8,7.2
2021-02-03 12:00:00+00:00,,5.0,2.8,7.2,7.2,6.1
2021-02-03 13:00:00+00:00,,4.0,3.9,2.8,7.2,6.1
2021-02-03 14:00:00+00:00,,5.0,4.4,5.0,8.3,6.1
2021-02-03 15:00:00+00:00,,9.0,8.3,9.4,10.6,10.6
2021-02-03 16:00:00+00:00,14.5,14.0,12.2,14.4,12.2,13.9
2021-02-03 17:00:00+00:00,17.7,17.0,17.8,18.3,16.7,16.7
2021-02-03 18:00:00+00:00,19.6,19.0,20.6,20.0,20.0,18.9
2021-02-03 19:00:00+00:00,21.2,20.0,22.8,22.2,21.7,20.6
2021-02-03 20:00:00+00:00,22.5,22.0,23.3,23.3,23.9,21.7
2021-02-03 21:00:00+00:00,23.4,23.0,24.4,24.4,24.4,22.8
2021-02-03 22:00:00+00:00,23.9,23.0,24.4,24.4,24.4,23.3
2021-02-03 23:00:00+00:00,23.3,23.0,23.9,23.9,23.3,22.8
2021-02-04 00:00:00+00:00,20.4,22.0,22.2,22.2,22.2,22.2
2021-02-04 01:00:00+00:00,18.7,20.0,20.6,20.6,21.1,20.6
2021-02-04 02:00:00+00:00,17.7,19.0,18.9,19.4,20.0,19.4
2021-02-04 03:00:00+00:00,16.7,18.0,17.8,18.3,18.9,18.3
2021-02-04 04:00:00+00:00,16.0,17.0,16.7,17.2,17.8,17.8
2021-02-04 05:00:00+00:00,15.5,,16.1,16.7,17.2,16.7
2021-02-04 06:00:00+00:00,15.6,16.0,16.1,17.2,17.2,16.7
2021-02-04 07:00:00+00:00,16.0,17.0,16.1,17.2,17.2,16.7
2021-02-04 08:00:00+00:00,16.1,17.0,16.7,17.8,17.2,17.2
2021-02-04 09:00:00+00:00,16.2,17.0,16.7,17.8,17.2,17.2
2021-02-04 10:00:00+00:00,16.1,17.0,16.1,17.8,17.8,17.2
2021-02-04 11:00:00+00:00,16.1,17.0,16.7,17.8,17.8,17.2
2021-02-04 12:00:00+00:00,16.1,17.0,16.7,17.8,17.8,17.2
2021-02-04 13:00:00+00:00,16.0,17.0,16.7,17.8,17.8,17.2
2021-02-04 14:00:00+00:00,16.0,17.0,16.7,17.8,17.2,17.2
2021-02-04 15:00:00+00:00,16.4,18.0,16.7,17.8,17.8,17.8
2021-02-04 16:00:00+00:00,17.6,18.0,17.2,18.9,20.0,19.4
2021-02-04 17:00:00+00:00,20.4,20.0,18.9,21.1,21.1,21.1
2021-02-04 18:00:00+00:00,23.3,23.0,22.2,24.4,24.4,24.4
2021-02-04 19:00:00+00:00,27.1,25.0,23.9,25.0,27.2,26.1
2021-02-04 20:00:00+00:00,26.2,27.0,25.6,28.3,28.3,26.7
2021-02-04 21:00:00+00:00,26.1,28.0,25.6,29.4,28.9,25.6
2021-02-04 22:00:00+00:00,22.0,25.0,28.3,28.9,27.2,22.2
2021-02-04 23:00:00+00:00,19.1,21.0,25.6,23.9,22.8,19.4
2021-02-05 00:00:00+00:00,17.1,19.0,21.7,20.0,20.0,17.8
2021-02-05 01:00:00+00:00,15.0,17.0,18.9,17.8,18.3,16.1
2021-02-05 02:00:00+00:00,13.7,15.0,17.2,16.7,17.2,15.0
2021-02-05 03:00:00+00:00,13.2,14.0,15.0,15.6,16.1,13.3
2021-02-05 04:00:00+00:00,11.5,12.0,14.4,15.0,15.0,12.2
2021-02-05 05:00:00+00:00,10.5,12.0,13.9,13.3,13.9,11.1
2021-02-05 06:00:00+00:00,9.5,10.0,12.8,12.8,12.8,10.6
2021-02-05 07:00:00+00:00,8.9,10.0,11.1,12.2,12.2,10.0
2021-02-05 08:00:00+00:00,8.3,9.0,10.0,11.1,11.1,8.9
2021-02-05 09:00:00+00:00,7.5,8.0,9.4,10.0,10.6,8.3
2021-02-05 10:00:00+00:00,6.7,7.0,8.9,7.8,10.0,6.7
2021-02-05 11:00:00+00:00,6.1,7.0,8.3,7.8,8.9,7.2
2021-02-05 12:00:00+00:00,6.5,8.0,9.4,9.4,9.4,7.8
2021-02-05 13:00:00+00:00,6.5,8.0,10.0,10.6,10.0,7.8
2021-02-05 14:00:00+00:00,6.7,9.0,10.0,11.1,10.0,7.2
2021-02-05 15:00:00+00:00,4.8,8.0,10.0,11.1,9.4,5.6
2021-02-05 16:00:00+00:00,7.3,7.0,10.6,9.4,7.2,6.1
2021-02-05 17:00:00+00:00,7.1,10.0,7.8,10.6,11.1,8.3
2021-02-05 18:00:00+00:00,8.3,9.0,10.0,11.7,11.7,10.0
2021-02-05 19:00:00+00:00,11.2,11.0,11.1,13.3,12.2,10.6
2021-02-05 20:00:00+00:00,14.6,12.0,12.8,13.9,13.9,13.3
2021-02-05 21:00:00+00:00,16.2,14.0,12.8,14.4,15.0,12.8
2021-02-05 22:00:00+00:00,17.3,14.0,12.8,15.0,14.4,13.9
2021-02-05 23:00:00+00:00,16.1,14.0,12.2,14.4,14.4,13.9
2021-02-06 00:00:00+00:00,11.9,12.0,11.1,13.3,13.3,12.2
2021-02-06 01:00:00+00:00,8.7,10.0,8.9,11.1,11.7,10.6
2021-02-06 02:00:00+00:00,8.0,9.0,9.4,7.8,10.6,8.9
2021-02-06 03:00:00+00:00,7.0,8.0,9.4,7.2,10.0,8.3
2021-02-06 04:00:00+00:00,6.6,7.0,9.4,9.4,9.4,7.2
2021-02-06 05:00:00+00:00,7.5,7.0,9.4,10.0,9.4,6.7
2021-02-06 06:00:00+00:00,7.5,8.0,9.4,9.4,9.4,7.2
2021-02-06 07:00:00+00:00,7.6,8.0,9.4,10.0,9.4,6.7
2021-02-06 08:00:00+00:00,8.0,8.0,9.4,9.4,9.4,7.2
2021-02-06 09:00:00+00:00,7.6,8.0,9.4,9.4,9.4,7.2
2021-02-06 10:00:00+00:00,7.8,8.0,9.4,10.0,9.4,7.2
2021-02-06 11:00:00+00:00,8.0,8.0,9.4,10.0,9.4,7.8
2021-02-06 12:00:00+00:00,8.0,8.0,8.9,9.4,9.4,7.8
2021-02-06 13:00:00+00:00,8.0,8.0,8.9,9.4,9.4,7.8
2021-02-06 14:00:00+00:00,8.2,9.0,9.4,9.4,9.4,7.8
2021-02-06 15:00:00+00:00,8.9,8.0,9.4,9.4,9.4,8.3
2021-02-06 16:00:00+00:00,10.5,9.0,10.6,10.6,10.6,9.4
2021-02-06 17:00:00+00:00,13.2,12.0,12.2,11.7,12.8,12.8
2021-02-06 18:00:00+00:00,18.0,15.0,16.1,18.3,18.3,17.8
2021-02-06 19:00:00+00:00,20.7,20.0,20.6,20.6,21.7,20.6
2021-02-06 20:00:00+00:00,22.0,22.0,25.0,23.9,22.8,22.2
2021-02-06 21:00:00+00:00,22.0,23.0,24.4,24.4,23.9,22.2
2021-02-06 22:00:00+00:00,22.0,23.0,23.9,23.9,23.3,21.7
2021-02-06 23:00:00+00:00,20.5,,22.2,22.8,22.2,20.0
2021-02-07 00:00:00+00:00,17.5,18.0,20.0,20.0,20.0,17.2
2021-02-07 01:00:00+00:00,14.6,17.0,17.2,14.4,17.8,15.6
2021-02-07 02:00:00+00:00,12.4,14.0,12.8,12.8,16.1,13.3
2021-02-07 03:00:00+00:00,12.0,13.0,11.7,12.8,15.0,11.7
2021-02-07 04:00:00+00:00,10.5,11.0,10.0,10.6,14.4,8.3
2021-02-07 05:00:00+00:00,9.5,11.0,10.6,8.3,13.3,8.9
2021-02-07 06:00:00+00:00,8.1,8.0,7.2,11.7,11.7,8.3
2021-02-07 07:00:00+00:00,6.8,7.0,7.8,9.4,9.4,6.7
2021-02-07 08:00:00+00:00,5.5,6.0,7.8,8.3,8.3,5.6
2021-02-07 09:00:00+00:00,4.6,5.0,6.1,6.7,7.2,3.3
2021-02-07 10:00:00+00:00,3.7,3.0,3.9,5.0,6.7,4.4
2021-02-07 11:00:00+00:00,3.0,4.0,3.3,4.4,5.6,3.9
2021-02-07 12:00:00+00:00,1.9,3.0,1.1,5.0,5.0,1.7
2021-02-07 13:00:00+00:00,1.0,2.0,0.0,3.9,4.4,-1.1
2021-02-07 14:00:00+00:00,2.6,3.0,2.2,10.0,5.0,0.6
2021-02-07 15:00:00+00:00,6.0,6.0,6.7,11.1,7.8,5.6
2021-02-07 16:00:00+00:00,9.2,9.0,10.0,12.2,10.0,7.8
2021-02-07 17:00:00+00:00,11.3,11.0,11.7,12.8,12.2,10.6
2021-02-07 18:00:00+00:00,15.2,14.0,15.0,15.0,15.0,13.3
2021-02-07 19:00:00+00:00,17.1,16.0,18.3,17.8,17.2,15.0
2021-02-07 20:00:00+00:00,19.6,18.0,20.0,19.4,18.9,17.2
2021-02-07 21:00:00+00:00,20.1,19.0,21.1,20.6,20.6,18.9
2021-02-07 22:00:00+00:00,20.8,20.0,21.1,21.1,21.1,19.4
2021-02-07 23:00:00+00:00,20.3,20.0,21.1,21.1,20.6,19.4
2021-02-08 00:00:00+00:00,17.1,18.0,19.4,19.4,19.4,18.3
2021-02-08 01:00:00+00:00,14.5,15.0,15.0,16.7,17.8,16.1
2021-02-08 02:00:00+00:00,14.3,14.0,15.0,16.7,16.7,14.4
2021-02-08 03:00:00+00:00,13.6,14.0,13.3,14.4,15.6,13.9
2021-02-08 04:00:00+00:00,12.7,13.0,13.9,13.3,14.4,12.8
2021-02-08 05:00:00+00:00,11.8,12.0,11.7,12.2,13.3,12.8
2021-02-08 06:00:00+00:00,10.8,12.0,11.1,12.8,12.8,12.2
2021-02-08 07:00:00+00:00,10.1,10.0,8.9,8.3,11.7,11.1
2021-02-08 08:00:00+00:00,9.5,9.0,8.3,6.7,11.1,10.0
2021-02-08 09:00:00+00:00,10.5,8.0,9.4,7.2,11.1,9.4
2021-02-08 10:00:00+00:00,10.3,10.0,8.3,6.1,11.1,10.0
2021-02-08 11:00:00+00:00,10.2,10.0,8.9,9.4,10.6,10.0
2021-02-08 12:00:00+00:00,10.1,10.0,10.6,11.1,11.1,10.0
2021-02-08 13:00:00+00:00,10.1,11.0,10.6,10.6,11.7,10.6
2021-02-08 14:00:00+00:00,10.2,11.0,11.1,11.1,11.1,11.1
2021-02-08 15:00:00+00:00,11.0,12.0,11.1,12.2,11.7,11.7
2021-02-08 16:00:00+00:00,11.5,13.0,12.0,13.9,12.8,12.2
2021-02-08 17:00:00+00:00,13.4,15.0,14.0,16.7,14.4,13.3
2021-02-08 18:00:00+00:00,16.9,19.0,17.8,17.8,18.3,16.1
2021-02-08 19:00:00+00:00,19.1,20.0,21.1,21.7,21.1,20.0
2021-02-08 20:00:00+00:00,21.6,21.0,22.2,22.8,21.7,21.1
2021-02-08 21:00:00+00:00,22.1,23.0,23.9,23.3,22.2,21.7
2021-02-08 22:00:00+00:00,23.2,23.0,25.0,23.9,23.3,22.8
2021-02-08 23:00:00+00:00,23.1,23.0,24.4,24.4,23.3,22.8
2021-02-09 00:00:00+00:00,20.9,22.0,22.8,22.8,22.8,21.7
2021-02-09 01:00:00+00:00,18.8,20.0,20.0,19.4,19.4,18.9
2021-02-09 02:00:00+00:00,18.4,18.0,15.6,14.4,18.9,17.8
2021-02-09 03:00:00+00:00,18.0,17.0,15.6,13.3,16.7,13.9
2021-02-09 04:00:00+00:00,17.8,16.0,15.0,14.4,17.8,15.6
2021-02-09 05:00:00+00:00,15.0,15.0,14.4,12.2,17.2,16.1
2021-02-09 06:00:00+00:00,15.9,14.0,16.7,17.8,17.8,16.1
2021-02-09 07:00:00+00:00,16.5,15.0,17.2,16.1,17.8,15.6
2021-02-09 08:00:00+00:00,16.5,17.0,18.3,16.1,17.2,15.6
2021-02-09 09:00:00+00:00,16.6,17.0,18.3,16.7,17.2,13.9
2021-02-09 10:00:00+00:00,16.3,17.0,18.3,17.8,17.8,10.6
2021-02-09 11:00:00+00:00,10.3,12.0,17.8,17.8,17.8,8.9
2021-02-09 12:00:00+00:00,8.5,9.0,17.8,17.2,15.0,7.2
2021-02-09 13:00:00+00:00,6.8,8.0,17.8,11.1,11.7,6.1
2021-02-09 14:00:00+00:00,5.6,7.0,17.8,10.0,10.0,6.1
2021-02-09 15:00:00+00:00,5.6,7.0,11.7,8.9,8.9,6.1
2021-02-09 16:00:00+00:00,6.3,7.0,11.1,9.4,10.0,6.7
2021-02-09 17:00:00+00:00,7.5,9.0,12.8,10.6,10.6,8.3
2021-02-09 18:00:00+00:00,9.0,10.0,14.4,12.8,12.8,8.9
2021-02-09 19:00:00+00:00,10.8,11.0,16.7,12.8,14.4,10.6
2021-02-09 20:00:00+00:00,14.2,13.0,17.8,15.0,16.1,11.7
2021-02-09 21:00:00+00:00,17.0,14.0,17.2,15.0,17.2,14.4
2021-02-09 22:00:00+00:00,17.7,13.0,16.1,15.6,17.2,14.4
2021-02-09 23:00:00+00:00,16.9,13.0,16.1,14.4,16.1,12.8
2021-02-10 00:00:00+00:00,12.7,12.0,13.9,13.9,13.9,11.1
2021-02-10 01:00:00+00:00,9.5,10.0,12.8,12.2,12.8,10.0
2021-02-10 02:00:00+00:00,9.6,10.0,11.7,11.1,11.7,8.9
2021-02-10 03:00:00+00:00,8.7,9.0,11.1,11.1,10.6,8.3
2021-02-10 04:00:00+00:00,7.7,9.0,10.6,10.0,9.4,7.8
2021-02-10 05:00:00+00:00,7.1,8.0,9.4,10.0,8.9,7.2
2021-02-10 06:00:00+00:00,6.5,7.0,8.9,7.8,7.8,6.1
2021-02-10 07:00:00+00:00,5.7,6.0,8.3,8.3,7.2,5.6
2021-02-10 08:00:00+00:00,5.3,5.0,7.8,7.8,6.7,5.0
2021-02-10 09:00:00+00:00,5.0,5.0,7.2,7.2,6.7,4.4
2021-02-10 10:00:00+00:00,4.5,5.0,7.2,6.7,6.1,3.9
2021-02-10 11:00:00+00:00,3.5,4.0,7.2,6.1,6.1,3.3
2021-02-10 12:00:00+00:00,3.0,4.0,6.7,5.6,5.6,2.8
2021-02-10 13:00:00+00:00,2.6,3.0,6.1,5.6,5.6,2.2
2021-02-10 14:00:00+00:00,2.4,3.0,5.6,5.0,4.4,2.2
2021-02-10 15:00:00+00:00,2.5,3.0,5.6,4.4,4.4,2.2
2021-02-10 16:00:00+00:00,2.5,3.0,5.6,4.4,4.4,2.2
2021-02-10 17:00:00+00:00,3.0,3.0,5.6,5.0,5.0,2.8
2021-02-10 18:00:00+00:00,3.5,4.0,6.1,5.6,5.6,3.3
2021-02-10 19:00:00+00:00,3.3,4.0,6.1,5.0,5.6,3.3
2021-02-10 20:00:00+00:00,3.5,4.0,6.7,5.6,5.6,3.3
2021-02-10 21:00:00+00:00,3.3,4.0,6.7,5.6,5.6,3.3
2021-02-10 22:00:00+00:00,2.5,4.0,6.1,5.6,5.0,2.8
2021-02-10 23:00:00+00:00,1.7,3.0,5.6,5.0,4.4,2.2
2021-02-11 00:00:00+00:00,1.2,3.0,5.0,3.9,3.9,1.7
2021-02-11 01:00:00+00:00,1.0,2.0,3.9,3.3,3.3,1.7
2021-02-11 02:00:00+00:00,1.0,2.0,3.3,3.3,3.3,1.7
2021-02-11 03:00:00+00:00,1.0,2.0,3.3,3.3,2.8,1.7
2021-02-11 04:00:00+00:00,0.9,2.0,3.3,3.3,2.8,1.7
2021-02-11 05:00:00+00:00,0.5,2.0,3.3,3.3,2.8,1.1
2021-02-11 06:00:00+00:00,0.0,2.0,2.8,3.3,2.8,1.1
2021-02-11 07:00:00+00:00,-0.2,1.0,2.2,2.8,2.2,0.6
2021-02-11 08:00:00+00:00,-0.5,1.0,2.2,2.2,1.7,0.0
2021-02-11 09:00:00+00:00,-0.7,0.0,1.7,2.2,1.7,0.0
2021-02-11 10:00:00+00:00,-0.2,0.0,1.7,2.2,1.1,-0.6
2021-02-11 11:00:00+00:00,-1.0,0.0,1.1,1.7,1.1,-0.6
2021-02-11 12:00:00+00:00,-1.3,0.0,1.1,1.7,0.6,-1.1
2021-02-11 13:00:00+00:00,-1.8,0.0,0.6,0.6,0.6,-1.7
2021-02-11 14:00:00+00:00,-2.2,0.0,0.0,0.6,0.0,-2.2
2021-02-11 15:00:00+00:00,-2.2,-1.0,0.0,0.0,-0.6,-1.0
2021-02-11 16:00:00+00:00,-0.5,0.0,0.0,0.0,0.0,-0.6
2021-02-11 17:00:00+00:00,-1.3,0.0,0.0,0.0,0.6,-1.1
2021-02-11 18:00:00+00:00,-0.3,0.0,0.6,1.1,0.6,-1.1
2021-02-11 19:00:00+00:00,-0.6,0.0,0.6,0.6,0.6,-0.6
2021-02-11 20:00:00+00:00,-1.0,0.0,1.7,1.7,0.6,-1.1
2021-02-11 21:00:00+00:00,-1.2,0.0,1.7,1.0,0.6,-0.6
2021-02-11 22:00:00+00:00,-0.6,0.0,1.7,1.7,0.6,-1.1
2021-02-11 23:00:00+00:00,-1.0,0.0,1.1,1.1,0.6,-1.1
2021-02-12 00:00:00+00:00,-1.5,0.0,1.1,0.6,0.6,
2021-02-12 01:00:00+00:00,-1.6,0.0,0.6,0.6,0.0,
2021-02-12 02:00:00+00:00,-2.3,0.0,0.6,0.6,0.0,
2021-02-12 03:00:00+00:00,-2.2,0.0,0.0,0.0,0.0,-1.7
2021-02-12 04:00:00+00:00,-2.3,0.0,0.6,0.0,-0.6,-1.7
2021-02-12 05:00:00+00:00,-2.2,0.0,0.0,0.0,-0.6,-2.2
2021-02-12 06:00:00+00:00,-2.2,0.0,0.0,0.0,-0.6,-2.2
2021-02-12 07:00:00+00:00,-2.5,-1.0,0.0,0.0,-0.6,-2.2
2021-02-12 08:00:00+00:00,-2.6,-1.0,-0.6,0.0,-0.6,-2.2
2021-02-12 09:00:00+00:00,-2.8,-2.0,-0.6,-0.6,,-2.8
2021-02-12 10:00:00+00:00,-3.0,-2.0,-1.1,-0.6,,-2.8
2021-02-12 11:00:00+00:00,-3.3,-2.0,-1.1,-1.1,,-2.8
2021-02-12 12:00:00+00:00,-3.5,-2.0,-1.1,-1.1,,-3.3
2021-02-12 13:00:00+00:00,-3.7,-2.0,-1.1,-1.1,,-3.3
2021-02-12 14:00:00+00:00,-3.7,-2.0,-1.1,-1.1,,-3.3
2021-02-12 15:00:00+00:00,-3.5,-2.0,-1.1,-1.1,,-2.8
2021-02-12 16:00:00+00:00,-3.1,-2.0,-0.6,-0.6,-1.1,-2.2
2021-02-12 17:00:00+00:00,-2.1,-1.0,-0.6,0.0,-0.6,-1.1
2021-02-12 18:00:00+00:00,-2.1,-1.0,0.0,0.6,0.0,-1.7
2021-02-12 19:00:00+00:00,-1.7,0.0,0.6,0.6,0.0,-1.7
2021-02-12 20:00:00+00:00,-1.6,0.0,1.1,0.6,0.0,-1.1
2021-02-12 21:00:00+00:00,-1.6,0.0,0.6,0.6,0.0,-1.7
2021-02-12 22:00:00+00:00,-1.8,-1.0,0.6,0.6,0.0,-1.7
2021-02-12 23:00:00+00:00,-2.5,-1.0,0.0,0.0,-0.6,-2.2
2021-02-13 00:00:00+00:00,-2.7,-1.0,0.0,0.0,-0.6,-2.2
2021-02-13 01:00:00+00:00,-3.1,-2.0,-0.6,-0.6,-0.6,-2.2
2021-02-13 02:00:00+00:00,-3.3,-2.0,-0.6,-0.6,-1.1,-2.2
2021-02-13 03:00:00+00:00,-3.2,-2.0,-1.1,0.0,-1.1,-2.2
2021-02-13 04:00:00+00:00,-3.3,-2.0,-1.1,-0.6,-1.1,-2.8
2021-02-13 05:00:00+00:00,-3.5,-2.0,-1.1,-0.6,-1.1,-2.8
2021-02-13 06:00:00+00:00,-3.5,-2.0,-1.1,-0.6,-1.1,-3.3
2021-02-13 07:00:00+00:00,-3.5,-2.0,-1.1,-1.1,-1.7,-3.3
2021-02-13 08:00:00+00:00,-3.7,-2.0,-1.7,-1.1,-2.2,-3.9
2021-02-13 09:00:00+00:00,-4.1,-3.0,-1.7,-1.7,-2.2,-3.9
2021-02-13 10:00:00+00:00,-4.5,-3.0,-2.2,-2.2,-2.2,-4.4
2021-02-13 11:00:00+00:00,-4.6,-3.0,-2.2,-2.2,-2.8,-4.4
2021-02-13 12:00:00+00:00,-4.5,-3.0,-2.8,-2.8,-2.8,-4.4
2021-02-13 13:00:00+00:00,-4.7,-3.0,-2.8,-2.2,-2.8,-4.4
2021-02-13 14:00:00+00:00,-4.7,-3.0,-2.8,-2.2,-2.8,-4.4
2021-02-13 15:00:00+00:00,-4.6,-3.0,-2.2,-1.7,-2.8,-3.9
2021-02-13 16:00:00+00:00,-4.7,-3.0,-2.2,-1.7,-2.8,-3.9
2021-02-13 17:00:00+00:00,-4.6,-3.0,-1.7,-1.1,-2.8,-3.9
2021-02-13 18:00:00+00:00,-4.3,-2.0,-1.7,-2.2,-2.2,-3.3
2021-02-13 19:00:00+00:00,-4.2,-2.0,-1.7,-0.6,-1.7,-2.8
2021-02-13 20:00:00+00:00,-3.7,-2.0,-1.1,-0.6,-2.2,-2.2
2021-02-13 21:00:00+00:00,-3.1,-1.0,-1.1,-0.6,-1.7,-1.7
2021-02-13 22:00:00+00:00,-2.6,-1.0,-1.7,-0.6,-1.1,-1.7
2021-02-13 23:00:00+00:00,-2.6,-1.0,-1.1,0.0,-0.6,-1.7
2021-02-14 00:00:00+00:00,-2.8,-1.0,-1.1,-0.6,-0.6,-1.7
2021-02-14 01:00:00+00:00,-2.7,-1.0,-1.1,0.0,-0.6,-1.7
2021-02-14 02:00:00+00:00,-2.5,-1.0,-1.1,0.0,-0.6,-2.2
2021-02-14 03:00:00+00:00,-2.6,-2.0,-1.1,-0.6,-0.6,-2.2
2021-02-14 04:00:00+00:00,-2.8,-1.0,-1.1,-0.6,-1.1,-2.2
2021-02-14 05:00:00+00:00,-3.0,-1.0,-1.7,-0.6,-1.1,-2.2
2021-02-14 06:00:00+00:00,-3.0,-2.0,-1.7,-1.1,-1.1,-2.2
2021-02-14 07:00:00+00:00,-3.0,-2.0,-1.7,-0.6,-1.1,-2.8
2021-02-14 08:00:00+00:00,-3.2,-2.0,-2.2,-1.1,-1.7,-2.8
2021-02-14 09:00:00+00:00,-3.2,-2.0,-1.7,-1.1,-1.7,-2.8
2021-02-14 10:00:00+00:00,-3.3,-2.0,-1.7,-1.1,-1.7,-3.3
2021-02-14 11:00:00+00:00,-4.0,-3.0,-2.2,-1.7,-2.2,-3.9
2021-02-14 12:00:00+00:00,-4.2,-3.0,-2.2,-2.2,-2.2,-3.9
2021-02-14 13:00:00+00:00,-4.7,-4.0,-2.8,-2.8,-3.3,-4.4
2021-02-14 14:00:00+00:00,-5.0,-4.0,-3.3,-2.8,-3.3,-5.0
2021-02-14 15:00:00+00:00,-5.7,-4.0,-3.3,-3.3,-3.9,-5.6
2021-02-14 16:00:00+00:00,-6.0,-4.0,-3.3,-3.9,-3.9,-5.6
2021-02-14 17:00:00+00:00,-6.2,-5.0,-3.9,-3.9,-3.9,-5.6
2021-02-14 18:00:00+00:00,-6.0,-4.0,-3.9,-4.4,-4.4,-5.0
2021-02-14 19:00:00+00:00,-6.0,-4.0,-3.9,-3.3,-4.4,-5.0
2021-02-14 20:00:00+00:00,-6.6,,-3.9,-3.3,-4.4,-5.6
2021-02-14 21:00:00+00:00,-6.7,-5.0,-3.9,-3.9,-5.0,-6.7
2021-02-14 22:00:00+00:00,-7.0,-5.0,-4.4,-4.4,-5.6,-6.7
2021-02-14 23:00:00+00:00,-7.6,-6.0,-5.0,-5.0,-5.6,-7.2
2021-02-15 00:00:00+00:00,-8.2,-7.0,-5.6,-6.1,-6.1,-7.8
2021-02-15 01:00:00+00:00,-9.5,-7.0,-6.1,-6.1,-6.7,-8.9
2021-02-15 02:00:00+00:00,-10.3,-8.0,-7.2,-7.2,-7.8,-10.0
2021-02-15 03:00:00+00:00,-11.4,-9.0,-7.8,-7.8,-8.3,-10.6
2021-02-15 04:00:00+00:00,-11.8,-10.0,-8.9,-8.3,-8.9,-10.6
2021-02-15 05:00:00+00:00,-12.1,-10.0,-9.4,-8.9,-10.0,-11.1
2021-02-15 06:00:00+00:00,-12.8,-10.0,-10.6,-10.6,-10.6,-12.2
2021-02-15 07:00:00+00:00,-13.0,-12.0,-11.1,-10.6,-11.1,-12.2
2021-02-15 08:00:00+00:00,-13.2,-12.0,-11.7,-10.6,-11.7,-12.8
2021-02-15 09:00:00+00:00,-13.6,-12.0,-11.7,-11.1,-11.7,-13.3
2021-02-15 10:00:00+00:00,-13.7,-12.0,-11.7,-11.1,-11.7,-13.3
2021-02-15 11:00:00+00:00,-14.3,,-12.2,-11.1,-12.2,
2021-02-15 12:00:00+00:00,-15.0,,,-12.8,-12.8,
2021-02-15 13:00:00+00:00,-15.3,-13.0,,-7.2,-13.3,6.0
2021-02-15 14:00:00+00:00,,-13.0,,-2.8,-12.8,
2021-02-15 15:00:00+00:00,,-13.0,-11.7,-11.1,-11.7,
2021-02-15 16:00:00+00:00,-9.5,-12.0,,-12.2,-9.4,
2021-02-15 17:00:00+00:00,-8.1,-10.0,,-9.4,-7.8,
2021-02-15 18:00:00+00:00,-6.3,-9.0,,-6.7,-6.7,
2021-02-15 19:00:00+00:00,-5.2,-8.0,,-6.7,-5.6,-8.3
2021-02-15 20:00:00+00:00,-3.3,-7.0,,-6.1,-5.6,-7.2
2021-02-15 21:00:00+00:00,-5.8,-7.0,-5.6,-6.1,-5.0,-7.2
2021-02-15 22:00:00+00:00,-3.6,-7.0,-5.6,-5.6,-5.0,
2021-02-15 23:00:00+00:00,-7.0,,-5.6,-5.6,-5.6,
2021-02-16 00:00:00+00:00,-6.5,,-6.7,-6.7,-6.7,
2021-02-16 01:00:00+00:00,-9.7,,-7.8,-6.1,-7.2,-9.0
2021-02-16 02:00:00+00:00,-10.5,,,-6.7,-8.3,-11.0
2021-02-16 03:00:00+00:00,-11.7,,,-6.7,-8.9,-12.0
2021-02-16 04:00:00+00:00,-12.5,,,-9.4,-9.4,
2021-02-16 05:00:00+00:00,-12.6,,,-9.4,-10.0,
2021-02-16 06:00:00+00:00,-13.1,,,-10.6,-10.6,
2021-02-16 07:00:00+00:00,,,-13.3,-10.0,-10.6,
2021-02-16 08:00:00+00:00,-13.6,,,-11.1,-11.7,
2021-02-16 09:00:00+00:00,-14.0,-13.0,,-11.1,-11.1,
2021-02-16 10:00:00+00:00,-14.3,,-14.4,-12.2,-12.2,
2021-02-16 11:00:00+00:00,-14.3,,-14.4,-12.8,-11.7,
2021-02-16 12:00:00+00:00,-14.7,,,-12.8,-12.8,
2021-02-16 13:00:00+00:00,,,,-12.8,-13.3,
2021-02-16 14:00:00+00:00,-13.6,,-13.3,-14.4,-11.7,
2021-02-16 15:00:00+00:00,-10.5,,,-11.7,-10.0,
2021-02-16 16:00:00+00:00,-7.7,,,-10.6,-8.9,
2021-02-16 17:00:00+00:00,,,,-9.4,-7.8,
2021-02-16 18:00:00+00:00,,,-7.2,-6.7,-6.7,
2021-02-16 19:00:00+00:00,-1.3,,,-6.7,-5.0,
2021-02-16 20:00:00+00:00,-1.4,,-5.6,-6.1,-3.9,
2021-02-16 21:00:00+00:00,-0.4,,-4.4,-5.0,-3.9,
2021-02-16 22:00:00+00:00,-3.5,,-3.9,-3.9,-4.4,
2021-02-16 23:00:00+00:00,-4.6,,-3.9,-3.9,-4.4,
2021-02-17 00:00:00+00:00,-6.3,,,-4.4,-4.4,
2021-02-17 01:00:00+00:00,-7.0,,-4.4,-4.4,-4.4,
2021-02-17 02:00:00+00:00,-7.0,,-5.0,-4.4,-4.4,
2021-02-17 03:00:00+00:00,,-5.0,-5.0,-4.4,-4.4,
2021-02-17 04:00:00+00:00,-7.6,-5.0,-5.0,-4.4,-5.0,
2021-02-17 05:00:00+00:00,-6.6,-5.0,-5.0,-5.0,-5.0,
2021-02-17 06:00:00+00:00,-5.7,,,-4.4,-4.4,
2021-02-17 07:00:00+00:00,-3.7,,-3.3,-5.0,-3.3,
2021-02-17 08:00:00+00:00,-3.0,-3.0,-2.2,-3.9,-1.7,
2021-02-17 09:00:00+00:00,-1.0,-2.0,-1.7,-2.8,-1.7,
2021-02-17 10:00:00+00:00,-0.7,-1.0,-1.7,-2.2,-1.1,
2021-02-17 11:00:00+00:00,0.0,0.0,-0.6,-1.1,,
2021-02-17 12:00:00+00:00,0.0,0.0,0.0,-1.7,,
2021-02-17 13:00:00+00:00,0.0,0.0,0.6,-1.1,,
2021-02-17 14:00:00+00:00,-0.7,0.0,0.0,-0.6,,-1.7
2021-02-17 15:00:00+00:00,,-1.0,,-0.6,,-2.8
2021-02-17 16:00:00+00:00,,-2.0,,0.0,,-3.3
2021-02-17 17:00:00+00:00,-2.0,-3.0,0.6,-1.1,,-2.8
2021-02-17 18:00:00+00:00,,-2.0,0.6,-1.1,,-2.8
2021-02-17 19:00:00+00:00,,-2.0,1.1,-1.1,,-2.2
2021-02-17 20:00:00+00:00,-1.5,-1.0,,-1.1,,
2021-02-17 21:00:00+00:00,-1.5,-1.0,0.6,-0.6,,
2021-02-17 22:00:00+00:00,-1.3,-1.0,0.6,-0.6,,
2021-02-17 23:00:00+00:00,-2.0,-1.0,0.6,-0.6,,
2021-02-18 00:00:00+00:00,,-1.0,0.0,-0.6,,
2021-02-18 01:00:00+00:00,,-2.0,-0.6,-1.1,,
2021-02-18 02:00:00+00:00,-3.1,-2.0,,-1.1,,
2021-02-18 03:00:00+00:00,-3.5,-2.0,,-1.7,,
2021-02-18 04:00:00+00:00,-3.6,-2.0,,-1.7,,
2021-02-18 05:00:00+00:00,-3.7,-2.0,,-1.7,,
2021-02-18 06:00:00+00:00,-4.0,-2.0,,-1.7,,
2021-02-18 07:00:00+00:00,-3.8,-2.0,-1.7,-1.7,,
2021-02-18 08:00:00+00:00,-3.9,-2.0,-1.7,-1.7,,
2021-02-18 09:00:00+00:00,-4.0,-3.0,-1.7,-2.2,,
2021-02-18 10:00:00+00:00,-4.0,-3.0,-1.7,-2.2,,
2021-02-18 11:00:00+00:00,-4.1,-3.0,-2.2,-2.2,,
2021-02-18 12:00:00+00:00,-4.2,-3.0,-2.2,-2.2,,
2021-02-18 13:00:00+00:00,-4.7,,-2.2,-3.0,,
2021-02-18 14:00:00+00:00,-4.7,-3.0,-2.2,-2.8,,
2021-02-18 15:00:00+00:00,-4.3,-3.0,-2.2,-2.8,,
2021-02-18 16:00:00+00:00,-3.8,-2.0,-2.2,-2.8,-2.2,
2021-02-18 17:00:00+00:00,-3.2,-2.0,-1.7,-2.8,-1.7,
2021-02-18 18:00:00+00:00,-2.0,-2.0,-1.1,-1.1,-1.1,
2021-02-18 19:00:00+00:00,-1.3,-1.0,-0.6,-2.2,-0.6,
2021-02-18 20:00:00+00:00,-1.0,-1.0,0.6,-1.1,0.0,
2021-02-18 21:00:00+00:00,-0.6,0.0,0.0,-1.1,0.0,
2021-02-18 22:00:00+00:00,-1.0,0.0,0.6,-0.6,0.6,
2021-02-18 23:00:00+00:00,-1.1,0.0,0.0,0.0,0.6,
2021-02-19 00:00:00+00:00,-2.5,0.0,-0.6,-0.6,-0.6,
2021-02-19 01:00:00+00:00,-3.4,-1.0,-1.1,-0.6,-1.1,
2021-02-19 02:00:00+00:00,-4.2,-2.0,-1.7,-1.1,-1.7,
2021-02-19 03:00:00+00:00,-4.6,-2.0,-2.2,-1.7,-2.2,
2021-02-19 04:00:00+00:00,-5.1,-3.0,-2.8,-1.7,-2.8,
2021-02-19 05:00:00+00:00,-5.5,-3.0,-3.3,-1.7,-3.3,
2021-02-19 06:00:00+00:00,-6.2,-4.0,-3.9,-3.9,-3.9,
2021-02-19 07:00:00+00:00,-6.7,-4.0,-5.0,-2.2,-4.4,
2021-02-19 08:00:00+00:00,-6.8,-5.0,-5.6,-3.3,-4.4,
2021-02-19 09:00:00+00:00,-7.0,-5.0,-6.1,-3.3,-5.0,
2021-02-19 10:00:00+00:00,-7.5,-5.0,-7.2,-4.4,-5.6,
2021-02-19 11:00:00+00:00,-7.5,-6.0,-7.8,-4.4,-5.6,
2021-02-19 12:00:00+00:00,-7.8,-6.0,-8.3,-5.0,-5.6,
2021-02-19 13:00:00+00:00,-8.0,-7.0,-7.8,-6.7,-5.6,
2021-02-19 14:00:00+00:00,-6.2,-5.0,-6.1,-6.7,-5.0,
2021-02-19 15:00:00+00:00,-3.2,-4.0,-2.8,-1.1,-2.8,
2021-02-19 16:00:00+00:00,0.5,-3.0,1.1,0.0,-0.6,
2021-02-19 17:00:00+00:00,1.3,-1.0,-0.6,1.1,0.6,
2021-02-19 18:00:00+00:00,2.3,0.0,0.0,1.7,1.7,
2021-02-19 19:00:00+00:00,2.6,0.0,1.7,3.3,1.7,
2021-02-19 20:00:00+00:00,3.3,2.0,2.8,5.6,3.3,1.1
2021-02-19 21:00:00+00:00,5.5,4.0,4.4,6.1,3.9,2.2
2021-02-19 22:00:00+00:00,6.3,5.0,5.6,6.1,5.0,3.3
2021-02-19 23:00:00+00:00,6.5,5.0,5.6,6.7,5.6,3.3
2021-02-20 00:00:00+00:00,6.1,5.0,5.6,6.1,4.4,2.8
2021-02-20 01:00:00+00:00,0.0,3.0,2.8,2.2,2.8,1.1
2021-02-20 02:00:00+00:00,-0.6,2.0,1.1,0.0,1.1,0.6
2021-02-20 03:00:00+00:00,-0.1,0.0,0.6,0.6,1.1,0.6
2021-02-20 04:00:00+00:00,-0.5,0.0,-1.1,-1.7,0.0,-1.1
2021-02-20 05:00:00+00:00,-0.8,0.0,-2.2,-3.3,-0.6,-2.8
2021-02-20 06:00:00+00:00,-1.1,-1.0,-2.8,-3.3,-1.1,-4.4
2021-02-20 07:00:00+00:00,-0.4,-1.0,-3.3,-4.4,-1.7,-4.4
2021-02-20 08:00:00+00:00,-0.2,0.0,-3.3,-3.3,-1.7,-5.0
2021-02-20 09:00:00+00:00,-0.7,-2.0,-3.3,-5.6,-2.2,-5.6
2021-02-20 10:00:00+00:00,-0.7,-2.0,-4.4,-5.6,-2.2,-5.6
2021-02-20 11:00:00+00:00,-1.0,-2.0,-5.0,-5.0,-2.8,-5.0
2021-02-20 12:00:00+00:00,-1.1,-2.0,-5.0,-5.0,-3.3,-5.0
2021-02-20 13:00:00+00:00,-1.2,-3.0,-5.0,-5.6,-2.8,-5.6
2021-02-20 14:00:00+00:00,0.4,-2.0,-0.6,-2.2,-1.1,-1.7
2021-02-20 15:00:00+00:00,3.0,1.0,0.6,1.1,1.7,1.7
2021-02-20 16:00:00+00:00,5.5,5.0,6.1,6.7,6.1,5.0
2021-02-20 17:00:00+00:00,6.9,8.0,8.9,8.9,8.9,7.2
2021-02-20 18:00:00+00:00,10.2,10.0,11.1,11.7,11.1,9.4
2021-02-20 19:00:00+00:00,12.5,12.0,12.8,13.3,13.3,11.1
2021-02-20 20:00:00+00:00,14.3,13.0,14.4,14.4,14.4,12.8
2021-02-20 21:00:00+00:00,15.1,14.0,15.6,16.1,16.1,13.3
2021-02-20 22:00:00+00:00,15.2,15.0,16.1,16.7,16.1,14.4
2021-02-20 23:00:00+00:00,15.0,15.0,16.1,16.7,15.6,14.4
2021-02-21 00:00:00+00:00,13.2,14.0,15.0,15.6,14.4,13.9
2021-02-21 01:00:00+00:00,9.6,12.0,12.2,12.8,12.8,12.2
2021-02-21 02:00:00+00:00,9.0,10.0,10.0,11.7,12.2,10.6
2021-02-21 03:00:00+00:00,8.5,10.0,10.0,11.1,11.1,10.0
2021-02-21 04:00:00+00:00,7.9,10.0,9.4,10.0,10.0,9.4
2021-02-21 05:00:00+00:00,7.3,9.0,8.3,8.9,9.4,9.4
2021-02-21 06:00:00+00:00,7.1,8.0,7.2,6.7,8.9,8.9
2021-02-21 07:00:00+00:00,6.5,7.0,5.6,5.6,7.8,7.8
2021-02-21 08:00:00+00:00,6.1,6.0,2.8,4.4,7.2,7.2
2021-02-21 09:00:00+00:00,5.9,5.0,2.8,2.8,7.2,6.7
2021-02-21 10:00:00+00:00,6.2,5.0,3.9,5.6,7.2,6.1
2021-02-21 11:00:00+00:00,7.7,6.0,5.0,6.7,7.2,7.8
2021-02-21 12:00:00+00:00,9.0,6.0,6.1,7.2,7.8,8.3
2021-02-21 13:00:00+00:00,10.5,7.0,5.6,8.3,8.3,10.0
2021-02-21 14:00:00+00:00,11.3,8.0,6.7,8.9,9.4,10.6
2021-02-21 15:00:00+00:00,12.5,10.0,11.1,11.1,11.1,12.2
2021-02-21 16:00:00+00:00,14.0,13.0,16.1,16.1,14.4,14.4
2021-02-21 17:00:00+00:00,16.6,17.0,19.4,20.0,17.8,15.6
2021-02-21 18:00:00+00:00,18.3,19.0,19.4,21.7,19.4,18.9
2021-02-21 19:00:00+00:00,19.9,20.0,20.0,21.1,20.6,20.0
2021-02-21 20:00:00+00:00,21.9,21.0,21.7,23.3,23.3,21.7
2021-02-21 21:00:00+00:00,23.0,22.0,22.8,23.9,23.9,22.2
2021-02-21 22:00:00+00:00,23.5,22.0,22.8,23.9,23.9,22.8
2021-02-21 23:00:00+00:00,23.5,22.0,22.8,23.9,23.3,22.8
2021-02-22 00:00:00+00:00,21.8,21.0,20.6,21.7,21.7,21.7
2021-02-22 01:00:00+00:00,17.0,18.0,18.3,17.2,18.9,18.9
2021-02-22 02:00:00+00:00,16.3,17.0,15.0,15.0,17.8,15.0
2021-02-22 03:00:00+00:00,16.6,15.0,12.2,12.8,15.6,15.6
2021-02-22 04:00:00+00:00,14.5,18.0,12.8,13.3,18.9,15.0
2021-02-22 05:00:00+00:00,12.5,14.0,14.4,17.2,16.1,12.2
2021-02-22 06:00:00+00:00,11.4,12.0,14.4,15.0,15.0,10.0
2021-02-22 07:00:00+00:00,10.0,10.0,13.3,13.9,,9.4
2021-02-22 08:00:00+00:00,8.9,9.0,11.7,10.0,11.1,5.6
2021-02-22 09:00:00+00:00,7.1,8.0,9.4,9.4,9.4,3.3
2021-02-22 10:00:00+00:00,7.1,8.0,7.8,5.0,10.0,4.4
2021-02-22 11:00:00+00:00,6.6,7.0,6.7,3.3,8.9,3.9
2021-02-22 12:00:00+00:00,6.3,7.0,6.1,6.1,6.1,2.8
2021-02-22 13:00:00+00:00,6.6,6.0,4.4,1.7,7.8,2.8
2021-02-22 14:00:00+00:00,10.0,8.0,7.8,7.8,8.3,5.0
2021-02-22 15:00:00+00:00,14.1,13.0,12.8,13.9,11.7,11.1
2021-02-22 16:00:00+00:00,16.5,15.0,15.6,15.6,15.6,14.4
2021-02-22 17:00:00+00:00,17.2,17.0,17.8,17.8,17.8,16.1
2021-02-22 18:00:00+00:00,20.6,18.0,18.9,20.0,20.0,18.3
2021-02-22 19:00:00+00:00,22.5,19.0,21.1,21.1,21.7,19.4
2021-02-22 20:00:00+00:00,22.7,20.0,22.2,22.8,22.2,20.6
2021-02-22 21:00:00+00:00,23.7,22.0,23.3,23.3,23.3,21.7
2021-02-22 22:00:00+00:00,24.8,22.0,23.3,24.4,23.3,21.7
2021-02-22 23:00:00+00:00,23.5,22.0,22.8,23.9,22.8,21.7
2021-02-23 00:00:00+00:00,20.9,20.0,21.1,21.1,21.1,20.6
2021-02-23 01:00:00+00:00,14.8,18.0,18.3,15.6,18.9,17.8
2021-02-23 02:00:00+00:00,13.8,16.0,13.9,13.9,16.7,12.2
2021-02-23 03:00:00+00:00,13.5,14.0,11.1,11.1,14.4,10.6
2021-02-23 04:00:00+00:00,11.7,13.0,11.1,6.1,13.3,8.9
2021-02-23 05:00:00+00:00,11.0,12.0,10.0,7.2,12.2,7.8
2021-02-23 06:00:00+00:00,13.1,11.0,8.9,11.7,11.7,7.2
2021-02-23 07:00:00+00:00,12.4,10.0,7.8,12.2,11.7,5.6
2021-02-23 08:00:00+00:00,12.1,9.0,6.1,6.7,11.1,7.2
2021-02-23 09:00:00+00:00,11.6,8.0,3.3,4.4,9.4,8.9
2021-02-23 10:00:00+00:00,11.0,9.0,4.4,3.9,9.4,8.9
2021-02-23 11:00:00+00:00,11.0,7.0,4.4,3.9,9.4,6.7
2021-02-23 12:00:00+00:00,11.0,,3.9,9.4,9.4,6.7
2021-02-23 13:00:00+00:00,10.7,6.0,5.6,2.8,9.4,4.4
2021-02-23 14:00:00+00:00,12.0,8.0,7.8,8.9,11.7,7.8
2021-02-23 15:00:00+00:00,14.6,14.0,13.9,15.6,14.4,14.4
2021-02-23 16:00:00+00:00,17.9,17.0,17.8,18.3,19.4,18.3
2021-02-23 17:00:00+00:00,21.5,20.0,20.0,21.1,22.8,20.6
2021-02-23 18:00:00+00:00,23.0,22.0,21.1,23.9,23.9,22.8
2021-02-23 19:00:00+00:00,24.5,22.0,22.8,23.9,25.0,24.4
2021-02-23 20:00:00+00:00,24.8,24.0,25.0,25.0,25.0,24.4
2021-02-23 21:00:00+00:00,25.2,24.0,25.0,25.6,25.6,24.4
2021-02-23 22:00:00+00:00,25.2,24.0,25.6,25.6,26.1,24.4
2021-02-23 23:00:00+00:00,24.5,24.0,25.0,25.6,25.0,24.4
2021-02-24 00:00:00+00:00,23.3,23.0,23.3,23.9,23.9,23.3
2021-02-24 01:00:00+00:00,19.6,20.0,20.6,20.6,22.2,22.2
2021-02-24 02:00:00+00:00,19.4,19.0,20.0,20.6,21.7,20.6
2021-02-24 03:00:00+00:00,17.5,18.0,18.3,18.3,20.0,20.0
2021-02-24 04:00:00+00:00,16.4,17.0,17.2,17.2,18.3,18.3
2021-02-24 05:00:00+00:00,15.2,16.0,17.2,17.8,17.8,17.2
2021-02-24 06:00:00+00:00,16.0,17.0,17.8,17.8,17.8,17.2
2021-02-24 07:00:00+00:00,16.5,18.0,17.8,18.9,18.3,17.2
2021-02-24 08:00:00+00:00,16.7,18.0,17.8,18.9,18.3,17.8
2021-02-24 09:00:00+00:00,17.0,18.0,17.8,18.9,18.3,17.8
2021-02-24 10:00:00+00:00,17.0,18.0,17.8,18.9,18.3,17.8
2021-02-24 11:00:00+00:00,16.7,18.0,17.8,18.9,18.3,17.2
2021-02-24 12:00:00+00:00,16.7,18.0,17.8,18.3,18.3,17.8
2021-02-24 13:00:00+00:00,16.7,18.0,17.8,19.4,18.3,17.8
2021-02-24 14:00:00+00:00,17.0,19.0,17.8,19.4,18.9,18.3
2021-02-24 15:00:00+00:00,18.0,19.0,18.9,20.0,19.4,18.9
2021-02-24 16:00:00+00:00,20.1,20.0,20.0,21.7,20.6,20.6
2021-02-24 17:00:00+00:00,22.0,22.0,21.1,22.2,22.2,21.7
2021-02-24 18:00:00+00:00,24.9,24.0,22.2,25.0,25.0,23.9
2021-02-24 19:00:00+00:00,25.9,24.0,24.4,25.6,26.7,25.0
2021-02-24 20:00:00+00:00,26.6,26.0,25.6,27.2,27.8,25.6
2021-02-24 21:00:00+00:00,27.6,27.0,26.7,27.8,28.3,27.2
2021-02-24 22:00:00+00:00,28.6,27.0,26.7,28.3,28.9,27.2
2021-02-24 23:00:00+00:00,28.3,27.0,26.1,27.8,28.3,26.7
2021-02-25 00:00:00+00:00,27.2,24.0,25.0,26.7,26.7,24.4
2021-02-25 01:00:00+00:00,20.1,22.0,21.7,20.6,25.0,21.7
2021-02-25 02:00:00+00:00,18.4,20.0,18.3,18.3,23.9,18.9
2021-02-25 03:00:00+00:00,17.0,18.0,17.8,22.8,21.7,17.2
2021-02-25 04:00:00+00:00,16.0,16.0,16.7,21.7,20.6,16.1
2021-02-25 05:00:00+00:00,14.7,17.0,18.9,20.6,20.0,14.4
2021-02-25 06:00:00+00:00,15.5,15.0,18.9,18.9,18.9,15.0
2021-02-25 07:00:00+00:00,14.5,15.0,17.8,18.3,18.3,13.9
2021-02-25 08:00:00+00:00,13.6,15.0,17.2,17.8,17.8,13.9
2021-02-25 09:00:00+00:00,13.8,15.0,16.7,17.2,17.2,13.9
2021-02-25 10:00:00+00:00,13.4,14.0,16.7,16.7,16.1,13.3
2021-02-25 11:00:00+00:00,12.5,13.0,16.1,15.6,15.6,12.8
2021-02-25 12:00:00+00:00,12.0,13.0,15.0,15.0,15.0,12.2
2021-02-25 13:00:00+00:00,11.5,12.0,14.4,14.4,14.4,11.7
2021-02-25 14:00:00+00:00,11.3,12.0,13.9,13.9,13.9,11.7
2021-02-25 15:00:00+00:00,11.5,12.0,12.8,13.3,13.9,11.7
2021-02-25 16:00:00+00:00,12.1,12.0,13.3,13.3,13.9,11.7
2021-02-25 17:00:00+00:00,12.6,11.0,12.8,13.3,12.2,12.2
2021-02-25 18:00:00+00:00,13.2,12.0,11.1,13.3,12.8,10.6
2021-02-25 19:00:00+00:00,11.3,10.0,11.7,11.7,12.2,10.6
2021-02-25 20:00:00+00:00,10.1,10.0,11.7,11.7,11.1,11.1
2021-02-25 21:00:00+00:00,10.5,10.0,11.7,11.7,11.7,11.7
2021-02-25 22:00:00+00:00,10.6,10.0,11.7,12.2,11.7,11.1
2021-02-25 23:00:00+00:00,9.8,10.0,11.7,12.2,12.2,10.0
2021-02-26 00:00:00+00:00,9.3,10.0,11.1,11.7,11.7,10.0
2021-02-26 01:00:00+00:00,8.8,10.0,11.1,11.7,11.1,10.0
2021-02-26 02:00:00+00:00,9.0,10.0,11.1,11.1,11.1,9.4
2021-02-26 03:00:00+00:00,9.0,10.0,11.1,11.1,11.1,9.4
2021-02-26 04:00:00+00:00,9.0,10.0,10.6,11.1,11.1,9.4
2021-02-26 05:00:00+00:00,8.5,10.0,11.1,11.7,10.6,8.9
2021-02-26 06:00:00+00:00,8.1,10.0,11.1,10.6,10.6,8.3
2021-02-26 07:00:00+00:00,7.2,9.0,11.1,11.1,10.0,7.8
2021-02-26 08:00:00+00:00,6.8,8.0,10.6,11.1,9.4,7.2
2021-02-26 09:00:00+00:00,6.5,8.0,10.6,10.0,8.9,7.8
2021-02-26 10:00:00+00:00,6.8,8.0,8.9,9.4,8.3,7.8
2021-02-26 11:00:00+00:00,6.8,8.0,8.9,9.4,8.9,7.8
2021-02-26 12:00:00+00:00,6.8,9.0,8.9,8.9,8.9,7.8
2021-02-26 13:00:00+00:00,6.8,8.0,8.9,10.0,8.9,7.8
2021-02-26 14:00:00+00:00,7.0,9.0,9.4,10.0,8.9,7.8
2021-02-26 15:00:00+00:00,7.8,9.0,10.0,11.1,9.4,8.9
2021-02-26 16:00:00+00:00,8.1,10.0,11.1,11.7,10.0,8.9
2021-02-26 17:00:00+00:00,9.0,10.0,11.7,11.7,11.1,9.4
2021-02-26 18:00:00+00:00,10.1,11.0,11.7,11.7,11.7,10.6
2021-02-26 19:00:00+00:00,12.2,12.0,12.2,13.3,12.8,11.7
2021-02-26 20:00:00+00:00,13.5,12.0,12.8,13.9,13.3,13.3
2021-02-26 21:00:00+00:00,14.2,13.0,13.9,14.4,14.4,13.9
2021-02-26 22:00:00+00:00,15.1,14.0,14.4,15.0,14.4,14.4
2021-02-26 23:00:00+00:00,14.7,14.0,15.0,15.6,15.6,14.4
2021-02-27 00:00:00+00:00,13.5,14.0,15.0,15.0,15.0,14.4
2021-02-27 01:00:00+00:00,13.1,14.0,13.3,13.9,15.0,13.9
2021-02-27 02:00:00+00:00,12.8,13.0,12.2,12.2,14.4,13.9
2021-02-27 03:00:00+00:00,13.2,13.0,13.9,12.2,14.4,13.9
2021-02-27 04:00:00+00:00,13.3,13.0,13.9,13.9,14.4,13.9
2021-02-27 05:00:00+00:00,13.5,13.0,12.8,14.4,15.0,13.9
2021-02-27 06:00:00+00:00,13.5,13.0,13.9,15.0,15.0,13.9
2021-02-27 07:00:00+00:00,13.8,13.0,13.9,14.4,15.0,14.4
2021-02-27 08:00:00+00:00,13.5,13.0,13.9,14.4,15.0,13.9
2021-02-27 09:00:00+00:00,13.3,13.0,13.9,14.4,14.4,13.3
2021-02-27 10:00:00+00:00,13.6,13.0,13.9,14.4,15.0,13.3
2021-02-27 11:00:00+00:00,13.7,13.0,13.3,14.4,15.0,13.3
2021-02-27 12:00:00+00:00,13.7,13.0,13.9,15.0,15.0,13.3
2021-02-27 13:00:00+00:00,13.8,13.0,13.9,14.4,15.0,13.3
2021-02-27 14:00:00+00:00,14.3,14.0,14.4,14.4,15.0,13.9
2021-02-27 15:00:00+00:00,15.5,15.0,16.1,15.6,16.1,14.4
2021-02-27 16:00:00+00:00,16.6,17.0,18.3,17.2,17.2,16.1
2021-02-27 17:00:00+00:00,17.7,19.0,21.7,18.9,18.3,18.0
2021-02-27 18:00:00+00:00,18.6,21.0,23.3,20.0,20.0,19.4
2021-02-27 19:00:00+00:00,20.8,24.0,25.6,25.6,20.6,20.6
2021-02-27 20:00:00+00:00,21.0,25.0,26.7,26.1,25.6,23.9
2021-02-27 21:00:00+00:00,23.6,25.0,24.4,26.1,25.6,24.4
2021-02-27 22:00:00+00:00,22.5,25.0,24.4,26.1,25.0,24.4
2021-02-27 23:00:00+00:00,22.9,24.0,24.4,25.0,24.4,23.9
2021-02-28 00:00:00+00:00,21.6,23.0,23.3,23.9,23.9,23.3
2021-02-28 01:00:00+00:00,20.7,22.0,22.2,23.3,22.8,22.2
2021-02-28 02:00:00+00:00,20.0,22.0,21.7,22.8,22.8,21.7
2021-02-28 03:00:00+00:00,19.5,22.0,21.7,22.8,22.2,21.1
2021-02-28 04:00:00+00:00,19.8,21.0,21.7,22.2,22.2,21.7
2021-02-28 05:00:00+00:00,20.1,22.0,21.7,22.2,21.7,21.1
2021-02-28 06:00:00+00:00,20.1,22.0,21.7,22.2,22.2,21.1
2021-02-28 07:00:00+00:00,20.0,22.0,21.1,22.2,22.2,21.1
2021-02-28 08:00:00+00:00,19.7,22.0,21.1,22.2,21.7,21.7
2021-02-28 09:00:00+00:00,19.7,21.0,21.1,22.2,21.7,21.7
2021-02-28 10:00:00+00:00,19.5,21.0,21.1,22.2,21.7,21.1
2021-02-28 11:00:00+00:00,19.5,22.0,21.1,22.2,21.7,21.1
2021-02-28 12:00:00+00:00,19.2,21.0,21.1,21.7,21.7,21.1
2021-02-28 13:00:00+00:00,19.0,21.0,20.6,21.7,21.1,21.1
2021-02-28 14:00:00+00:00,19.0,21.0,21.1,21.7,21.7,21.1
2021-02-28 15:00:00+00:00,19.1,21.0,21.1,22.2,21.7,21.1
2021-02-28 16:00:00+00:00,20.0,23.0,22.2,23.3,22.2,21.7
2021-02-28 17:00:00+00:00,20.2,23.0,22.2,23.9,22.8,21.7
2021-02-28 18:00:00+00:00,21.0,23.0,22.8,22.8,22.8,22.8
2021-02-28 19:00:00+00:00,20.2,24.0,23.9,25.0,23.3,21.7
2021-02-28 20:00:00+00:00,20.0,24.0,25.6,25.0,23.3,21.1
2021-02-28 21:00:00+00:00,20.9,23.0,25.6,25.0,22.2,21.1
2021-02-28 22:00:00+00:00,22.0,23.0,23.9,24.4,22.8,21.1
2021-02-28 23:00:00+00:00,21.5,23.0,24.4,25.0,22.8,22.2
